"input","output","evidence","type"
"MKS1(ko) + glucose","ACO1(up_strong)"," western_blot","expression"
"glucose","ACO1(down_medium)"," prot-act ,  lacZ","expression"
"lactate","ACO1(up_medium)"," lacZ ,  prot-act","expression"
"HAP2(ko) + raffinose","ACO1(down)"," western_blot","expression"
"glucose + glutamate","ACO1(down_strong)"," northern_blot","expression"
"RTG1(ko) + raffinose","ACO1(up)"," western_blot","expression"
"RTG3(ko) + raffinose + dys_mit","ACO1(down_strong) + CIT2(down_strong) + CIT1(down_strong) + IDH2(down_strong) + IDH1(down_strong)"," northern_blot","expression"
"RTG2(ko) + glucose","ACO1(down_strong)"," lacZ","expression"
"YAP6","ACO1 + DCI1 + IDP2"," ChIP-chip","tfbinding"
"dys_mit + RTG1(ko) + raffinose","ACO1(down_strong) + CIT2(down_strong) + IDH1(down_strong) + CIT1(down_strong) + IDH2(down_strong)"," northern_blot","expression"
"glucose + RTG1(ko) + MKS1(ko)","ACO1(down_medium)"," western_blot","expression"
"ethanol","ACO1(up) + ACO2(down) + ADH2(down) + MDH1(up) + MLS1(up) + ACS1(down) + YAT1(down) + CIT2(up_medium) + ACS2(up) + ADH3(up) + ICL1(up) + SFC1(up) + CAT2(up) + PDC1(down) + ADH1(down) + CIT1(up_medium) + ACH1(up) + MDH2(up)"," northern_blot","expression"
"glucose","ACO1(down_strong) + HXK2(down_strong) + SIP4(down_strong) + SDH1(down_strong) + SDH4(down_strong)"," RT-PCR","expression"
"glutamate + glucose","ACO1(down_strong)"," mRNA","expression"
"raffinose + HAP2(ko) + RTG1(ko)","ACO1(down_strong)"," western_blot","expression"
"oleic_acid + PIP2","ACO1 + FAA2 + ACS1 + SPS19 + PCK1 + PXA2 + IDP3 + MDH1 + SDH3 + PDC1 + FBP1 + HXT5 + KGD1 + CAT2"," ChIP-chip","tfbinding"
"HAP2(ko) + glucose + RTG1(ko)","ACO1(down_strong)"," western_blot","expression"
"HAP2/3/4/5","ACO1(up)"," author-statement","expression"
"glucose + RTG1/3(ko)","ACO1(down_medium)"," western_blot","expression"
"raffinose","ACO1(up_medium)"," western_blot","expression"
"FHL1","ACO2 + GID8"," ChIP-chip","tfbinding"
"GCN4","ACO2 + PYC2 + SIP4"," ChIP-chip","tfbinding"
"glucose","ACS1(down_strong)"," lacZ","expression"
"UME6(ko) + glucose","ACS1(up_strong)"," lacZ","expression"
"sugar(low)","ACS1(up_strong)"," lacZ","expression"
"sugar(low) + ADR1 + CAT8","ACS1"," emsa","tfbinding"
"ethanol","ACS1(up_strong)"," author-statement","expression"
"FKH2","ACS1 + KGD2"," ChIP-chip","tfbinding"
"gluc_depl + CAT8(ko)","ACS1(down_medium) + ICL2(down_medium) + IDP2(down_medium) + REG2(down_medium) + ICL1(down_strong) + GUT1(down_medium) + CTA1(down_medium) + POX1(down_medium) + JEN1(down_medium) + PCK1(down_medium) + FBP1(down_strong) + YAT2(down_medium) + SFC1(down_strong)"," microarray","expression"
"CAT8(ko) + ADR1(ko) + sugar(low)","ACS1(down_strong)"," lacZ","expression"
"ABF1 + UME6","ACS1"," site-mutation","tfbinding"
"ADR1(ko) + sugar(low)","ACS1(down_weak)"," lacZ","expression"
"CAT8(ko) + sugar(low)","ACS1(down_medium)"," lacZ","expression"
"ABF1","ACS1 + IDH1 + MLS1 + ANT1 + FBA1 + IDP2 + LPD1 + MAE1"," ChIP-chip","tfbinding"
"ABF1(ko) + glucose + UME6(ko)","ACS1(down_strong)"," site-mutation ,  lacZ","expression"
"ADR1","ADH2"," author-statement","tfbinding"
"ADR1(ko) + glucose(low) + ethanol + CAT8(ko)","ADH2(down_strong)"," lacZ","expression"
"ADR1(ko) + ethanol + glucose(low)","ADH2(down_strong)"," lacZ","expression"
"LEU3","ADH2"," binding","tfbinding"
"CAT8","ADH2"," emsa","tfbinding"
"ADR1","ADH2(up)"," author-statement","expression"
"SFP1","ADH2"," ChIP-chip","tfbinding"
"ADR1","ADH2 + CTA1 + POT1 + FOX2 + ACS1 + POX1"," review","tfbinding"
"ADR1(up)","ADH2"," emsa","tfbinding"
"LEU3(ko) + ethanol(low)","ADH2(down)"," microarray","expression"
"ADR1","ADH2"," binding","tfbinding"
"glucose","ADH2(down_strong) + PCK1(down_strong) + FBP1(down_strong)"," kPCR","expression"
"GCR2(ko) + glucose","ADH2(down_medium) + ENO1(down_medium) + CYB2(up_medium) + CIT1(up_medium) + ADH1(down_medium) + HXT2(up_strong) + PFK1(down_medium) + NDI1(up_medium) + CDC19(down_strong) + ENO2(down_strong) + SDH4(up_medium) + FBP1(up_medium) + GPM1(down_strong) + ACO1(up_medium) + PGI1(down_medium) + SDH2(up_medium) + SDH3(up_medium) + HXT3(down_medium) + HXT7(down_medium) + PGK1(down_strong) + HXT1(down_medium) + DLD3(up_medium) + CIT2(up_medium) + FBA1(down_medium) + HXT6(down_medium) + GLK1(up_strong) + HXK2(down_medium)"," microarray","expression"
"glucose","ADH2(down_strong)"," lacZ","expression"
"ethanol + glucose(low) + CAT8(ko)","ADH2(down_strong)"," lacZ","expression"
"glycerol + lactate","ADH2(up_strong) + FBP1(up_strong) + PCK1(up_strong)"," kPCR","expression"
"glucose(low) + ethanol","ADH2(up_strong)"," lacZ","expression"
"ADR1 + glucose(low)","ADH2 + ACS1 + ADY2"," ChIP","tfbinding"
"LEU3(oe)","ADR1(up) + PDC1(up) + HAP4(up) + ACO1(up) + GID8(up) + YAT1(up) + MDH3(up) + HAP1(up)"," microarray","expression"
"RGT1","ADR1 + SFC1"," ChIP-chip","tfbinding"
"glucose(low)","ADR1(up_strong) + CAT8(up_strong)"," western_blot","expression"
"MSN4","ADR1"," ChIP-chip","tfbinding"
"glucose(low) + GCR2(ko)","ADR1(down_medium) + HXT1(up_weak) + HXT7(down_medium) + MIG1(down_weak) + HXT2(down_medium) + HAP4(down_weak) + DAL7(down_weak) + CAT8(down_medium) + ENO1(down_weak) + MDH2(up_weak) + GLK1(up_weak) + GPM1(down_weak)"," microarray","expression"
"OAF1/PIP2","AGP2 + PXA2 + CAT2 + SPS19 + PIP2 + DCI1 + FAA2 + IDP3 + PXA1 + FOX2 + ANT1 + MDH3 + PEX11 + ECI1 + CIT1 + CRC1 + POX1 + CTA1 + POT1 + TES1 + SFC1"," review","tfbinding"
"cAMP + glucose(low)","ALD3(down_strong) + HSP104(down_medium) + SSA4(down_weak) + TPS1(down_strong) + SOD2(down_strong) + TKL2(down_strong) + ARA1(down_medium) + HXK1(down_strong) + SSA3(down_strong) + HOR2(down_strong) + PGM2(down_strong) + GLK1(down_medium) + GDH3(down_strong)"," 2d-gel","expression"
"ADR1 + gluc_depl","ALD4 + LSC2 + POT1 + CTA1 + JEN1 + FOX2 + CIT3 + ACS1 + GUT1 + ICL2 + GUT2 + ADH2 + CYB2"," ChIP-chip","tfbinding"
"CNB1(ko) + calcium","ALD4(down_medium) + ALD6(down_medium)"," northern_blot","expression"
"high_pH + CRZ1(ko)","ALD4(down_weak) + ALD6(down_weak)"," northern_blot","expression"
"glucose(low) + HAP2/3/4/5(ko)","ALD4(down_weak) + ADH2(down_strong) + MIG2(down_medium) + IDP3(down_medium) + POX1(down_medium) + ICL1(down_medium) + FBP1(down_weak) + MAE1(up_medium) + FAA1(down_medium)"," microarray","expression"
"phosphate(low) + PHO4","ALD5 + CDC19 + ACS1 + NRG2 + TYE7 + ENO1 + PFK27 + HXT6 + CBF1 + ACS2 + PYK2"," ChIP-chip","tfbinding"
"STB5 + ox_stress","ALD6 + PEX25 + IDP2 + MIG2 + PXA1 + PGI1 + ALD4"," ChIP-chip","tfbinding"
"glucose + CAD1(ko)","ALD6(up_medium) + HXT5(up_medium)"," microarray","expression"
"CNB1(ko) + high_pH","ALD6(down_weak) + ALD4(down_weak)"," northern_blot","expression"
"BMH1(ko) + glucose(low) + BMH2(ko)","ALD6(up_medium) + ENO1(up_medium) + PCK1(up_medium) + TDH2(up_medium) + FBA1(up_medium) + MDH2(up_medium) + GPM1(up_strong) + TDH3(up_strong) + ADH2(down_medium) + TPI1(up_strong) + ENO2(up_medium) + GUT2(down_medium) + HXK1(down_medium) + TDH1(down_medium) + ICL1(up_medium) + CDC19(up_medium)"," MS ,  2d-gel","expression"
"CRZ1(ko) + calcium","ALD6(down_medium) + ALD4(down_medium)"," northern_blot","expression"
"OAF1/PIP2(ko) + oleic_acid","ANT1(down_strong)"," western_blot ,  lacZ","expression"
"oleic_acid","ANT1(up_strong)"," western_blot ,  lacZ","expression"
"oleic_acid + OAF1/PIP2","ANT1(up) + PIP2(up) + PEX25(up)"," review","expression"
"OAF1/PIP2","ANT1 + POX1 + CTA1 + POT1"," emsa ,  consensus","tfbinding"
"OAF1/PIP2","ANT1 + PEX25 + PIP2"," review","tfbinding"
"ethanol + ACN9(ko)","CAT2(up_weak) + MDH2(up_weak) + MDH1(up_weak) + ICL1(up_medium) + PCK1(up_weak)"," prot-act","expression"
"glucose(low) + ADR1","CAT2 + IDP3 + HXT6 + ACO1 + PGI1 + PDC1 + KGD2 + STL1 + JEN1 + FBP1 + ADH2 + PEX25"," ChIP-chip","tfbinding"
"oleic_acid + PIP2(ko)","CAT2(down_weak) + PEX11(down_medium) + PIP2(down_strong) + YJL218W(down_strong) + FAA2(down_weak) + IFA38(down_medium) + CTA1(down_weak) + TES1(down_strong) + CIT1(down_medium) + POX1(down_strong) + MDH3(down_weak) + PEX5(down_weak) + IDP3(down_weak) + FOX2(down_strong) + SPS19(down_strong) + EEB1(down_strong) + PXA1(down_weak) + POT1(down_strong) + PXA2(down_weak) + QDR1(down_weak) + CRC1(down_medium)"," northern_blot","expression"
"ethanol + SDH4(ko)","CAT2(up_medium) + ICL1(up_medium) + PCK1(up_medium) + MDH2(up_medium) + MDH1(up_medium)"," prot-act","expression"
"CAT5(ko) + ethanol","CAT5(down_strong)"," lacZ","expression"
"glucose","CAT5(down_strong)"," lacZ","expression"
"ethanol + SNF1(ko)","CAT5(down_strong)"," lacZ","expression"
"CAT8(ko) + ethanol","CAT5(down_strong)"," lacZ","expression"
"ethanol","CAT5(up_strong)"," lacZ","expression"
"MIG1(ko) + glucose","CAT8(up_strong)"," lacZ","expression"
"ethanol + CAT5(ko)","CAT8(down_strong)"," lacZ","expression"
"glucose + MIG2","CAT8(down)"," author-statement","expression"
"ethanol","CAT8(up_strong)"," northern_blot","expression"
"glucose(low)","CAT8(up)"," northern_blot","expression"
"glucose","CAT8(down_strong) + FBP1(down_strong)"," lacZ","expression"
"ethanol + SNF4(ko)","CAT8(down_strong) + FBP1(down_strong)"," lacZ","expression"
"cAMP + ethanol","CAT8(down_strong) + GLK1(down_medium) + SIP4(down_strong)"," lacZ","expression"
"ethanol","CAT8(up_strong)"," lacZ","expression"
"ABF1 + HAP2/3/4/5 + MIG1","CAT8"," consensus","tfbinding"
"glucose","CAT8(down_strong) + FBP1(down_strong) + SIP4(down_strong)"," lacZ","expression"
"glucose","CAT8(down_strong)"," lacZ","expression"
"MIG1 + glucose","CAT8(down_strong)"," author-statement","expression"
"glucose","CAT8(down_strong) + FBP1(down_strong) + PCK1(down_strong)"," lacZ ,  western_blot ,  northern_blot","expression"
"ethanol","CAT8(up_strong) + FBP1(up_strong)"," lacZ","expression"
"REB1","CAT8 + SDH1 + HAP2"," ChIP-chip","tfbinding"
"glucose","CAT8(down_strong)"," northern_blot","expression"
"sugar(low)","CDC19(down_strong) + PDC1(down_strong)"," northern_blot","expression"
"GCR1","CDC19 + PGK1 + ENO1 + ADH1"," emsa","tfbinding"
"RAP1","CDC19(up_strong) + ENO1(up_strong)"," northern_blot","expression"
"glucose + Phosphate depletion","CIT1(up_medium)"," Expression evidence","expression"
"PHO85 + glucose","CIT1(up)"," Expression evidence","tfbinding"
"galactose + GCR1(ko)","CIT1(up_weak) + TDH2(down_weak) + GLK1(up_weak) + CDC19(down_medium) + TDH1(down_weak) + FBA1(down_weak) + GPM1(down_strong) + CIT3(up_weak) + FAA1(up_weak) + TPI1(down_medium) + PGK1(down_medium) + ENO2(down_strong) + TDH3(down_medium) + ENO1(down_strong) + ADH1(down_medium) + CIT2(up_strong)"," microarray","expression"
"dys_mit + RTG2(ko) + raffinose","CIT1(down_strong)"," lacZ","expression"
"glucose","CIT1(down_strong)"," lacZ","expression"
"HAP2/3/4/5","CIT1"," consensus","tfbinding"
"nfcs","CIT1(up_strong)"," northern_blot","expression"
"RTG1/3(ko) + osmotic_shock","CIT1(down_strong)"," northern_blot","expression"
"glucose","CIT1(down)"," lacZ","expression"
"glucose + glutamate","CIT1(down)"," author-statement","expression"
"HAP2/3/4/5","CIT1"," consensus ,  site-mutation","tfbinding"
"ADR1","CIT1 + FOX2 + CYB2 + POX1 + CTA1 + GUT2"," consensus","tfbinding"
"osmotic_shock + HOG1(ko)","CIT1(down_medium) + COX6(down_medium) + SDH2(down_weak)"," northern_blot","expression"
"RTG1/3","CIT1"," emsa","tfbinding"
"glucose","CIT1(down_strong) + COX6(down_strong) + SDH2(down_strong)"," western_blot","expression"
"RGM1","CIT1 + MDH2"," ChIP-chip","tfbinding"
"glucose","CIT1(down_medium)"," lacZ","expression"
"raffinose + HAP2(ko)","CIT1(down_strong)"," lacZ","expression"
"RTG2(ko) + raffinose","CIT1(down_weak)"," lacZ","expression"
"glucose + glutamate","CIT1(down_strong)"," lacZ","expression"
"CRZ1 + high_pH","CIT1 + MDH2 + ALD4 + HXK2 + HXT7 + MDH1"," emsa","tfbinding"
"raffinose + RTG3(ko)","CIT1(down_medium)"," lacZ","expression"
"RTG1(ko) + raffinose","CIT1(down_medium)"," lacZ","expression"
"RTG3(ko) + dys_mit + raffinose","CIT1(down_strong)"," lacZ","expression"
"arsenic + ARR1(ko)","CIT1(up_medium) + GUT2(up_medium) + YAT1(up_medium) + IDH1(up_medium) + FAA2(up_strong) + ACO2(down_medium) + PDC6(up_strong) + CAT8(up_medium) + DLD1(up_medium) + HXT2(up_strong) + POT1(up_strong) + CIT2(up_strong) + FOX2(up_medium) + HXK1(up_medium) + HXT4(up_medium) + HXT6(up_strong) + HXT1(up_medium) + SDH4(up_medium) + HXT3(up_medium) + PCK1(down_medium) + MIG1(up_medium) + REG2(up_medium) + HXT5(up_strong) + HAP4(up_medium) + ECI1(up_medium) + JEN1(up_medium) + GLK1(up_strong) + POX1(up_medium) + ACS1(up_medium) + HXT7(up_strong)"," microarray","expression"
"HAP2/3/4/5","CIT1"," binding","tfbinding"
"RTG1/3(ko) + dys_mit","CIT1(down_medium) + JEN1(down_medium) + ACO1(down_strong) + CRC1(down_medium) + CIT3(down_strong) + ACS1(down_medium) + IDH2(down_strong) + CIT2(down_strong)"," microarray","expression"
"HAP2/3/4/5(ko) + lactate","CIT1(down_strong)"," lacZ","expression"
"lactate","CIT1(up_medium)"," lacZ","expression"
"raffinose","CIT1(up)"," author-statement","expression"
"PHO4 + glucose + Phosphate depletion","CIT1"," binding","tfbinding"
"raffinose","CIT1(up_strong)"," lacZ","expression"
"dys_mit + raffinose + RTG1(ko)","CIT1(down_strong)"," lacZ","expression"
"glycerol","CIT2(down_strong) + CIT3(up_strong) + CIT1(up_strong)"," northern_blot","expression"
"phosphate + PHO4","CIT2"," site-mutation","tfbinding"
"RTG1(ko) + raffinose + dys_mit","CIT2(down_strong)"," northern_blot ,  lacZ","expression"
"glutamate","CIT2(down_strong) + CIT1(down_strong) + DLD3(down_strong)"," lacZ","expression"
"dys_mit","CIT2(up_strong)"," mRNA","expression"
"oleic_acid","CIT2(up_strong) + MLS1(up_strong) + POX1(up_strong) + ICL1(up_strong) + CTA1(up_strong) + MDH3(up_medium) + PEX11(up_strong)"," northern_blot","expression"
"RTG1(ko) + dys_mit + raffinose + RTG2(ko)","CIT2(down_strong)"," northern_blot","expression"
"rapamycin + GLN3(ko) + GCN4(ko)","CIT2(up_medium) + SIP4(down_weak) + CAT2(down_weak) + PDC6(down_medium) + HXT1(up_medium) + CRC1(down_medium) + CTA1(down_weak) + YAT1(down_medium) + CIT3(down_medium) + ACS1(down_weak) + MLS1(down_medium) + YAT2(down_medium) + DAL7(down_medium) + ICL1(down_strong)"," microarray","expression"
"dys_mit + inositol","CIT2(up_medium)"," lacZ","expression"
"RTG2(ko) + raffinose + RTG1(ko)","CIT2(down_strong)"," northern_blot","expression"
"inositol + PHO4(ko) + dys_mit","CIT2(down_medium)"," lacZ","expression"
"RTG1/3","CIT2"," author-statement","tfbinding"
"rapamycin + GLN3(ko)","CIT2(up_medium) + CRC1(down_medium) + CTA1(down_medium) + YAT2(down_weak) + POX1(down_medium) + MLS1(down_weak) + DAL7(down_medium) + PDC6(down_medium) + HXT5(up_medium) + SIP4(down_weak) + ICL1(down_medium) + YAT1(down_weak) + CAT2(down_medium)"," microarray","expression"
"dys_mit + RTG2(ko) + raffinose","CIT2(down_strong)"," lacZ ,  northern_blot","expression"
"RTG1/3","CIT2 + DLD3 + IDH1 + CIT1 + ACO1 + IDH2"," review","tfbinding"
"TYE7(ko) + dys_mit","CIT2(up_medium)"," lacZ","expression"
"dys_mit + RTG2(ko)","CIT2(down_strong) + JEN1(down_medium) + CIT1(down_medium) + IDH2(down_strong) + ACS1(down_medium) + ACO1(down_medium) + CRC1(down_medium) + CIT3(down_strong)"," microarray","expression"
"selenite + YAP1(ko)","CIT2(down_medium) + HXT2(up_medium) + ACO1(up_medium) + HXT6(up_medium) + HXK1(up_medium) + PDC1(up_medium) + GLK1(up_medium) + HXT4(up_medium) + HXT3(up_medium)"," microarray","expression"
"RTG1/3","CIT2"," emsa","tfbinding"
"INO2/4 + inositol","CIT2"," site-mutation","tfbinding"
"raffinose + RTG1(ko)","CIT2(down_strong)"," northern_blot ,  lacZ","expression"
"RTG1","CIT2"," emsa","tfbinding"
"dys_mit + raffinose","CIT2(up_strong)"," northern_blot ,  lacZ","expression"
"INO2/4 + dys_mit + phosphate(high)","CIT2(up_medium)"," lacZ","expression"
"HMS1(ko) + inositol + dys_mit","CIT2(up_medium)"," lacZ","expression"
"aa_starvation","CIT2(up) + JEN1(up) + IDH1(up) + ACO1(up) + ICL1(up) + IDP1(up) + CIT1(up) + CIT3(up) + ACO2(up) + IDH2(up) + PIP2(up) + CRC1(up)"," microarray","expression"
"dys_mit + RTG1/3","CIT2(up)"," author-statement","expression"
"calcium","CIT2(up_strong) + MDH1(up_medium) + HXK1(up_strong) + ALD6(up_medium) + ALD4(up_medium)"," northern_blot","expression"
"raffinose + RTG2(ko)","CIT2(down_strong)"," lacZ ,  northern_blot","expression"
"glucose + glutamate","CIT2(down_strong) + CIT1(down_strong)"," northern_blot","expression"
"RTG1 + RTG2 + raffinose + dys_mit","CIT2(up_strong)"," author-statement ,  northern_blot","expression"
"RTG1/3","CIT3 + CIT2"," review","tfbinding"
"ADR1","CIT3 + POX1 + ALD4 + ACS1 + CTA1 + POT1 + GUT1 + ADH2 + ICL2"," ChIP","tfbinding"
"glucose","CIT3(down_strong) + CIT2(up_strong) + CIT1(down_strong)"," northern_blot","expression"
"inositol + choline","CIT3(down_medium) + CRC1(down_medium) + ACH1(down_medium)"," microarray","expression"
"ethanol","COX6(up_strong) + CIT1(up_weak) + SDH2(up_strong)"," western_blot","expression"
"osmotic_shock + SNF1(ko)","COX6(down_medium) + CIT1(down_weak) + SDH2(down_medium)"," northern_blot","expression"
"osmotic_shock","COX6(up_strong) + SDH2(up_medium) + CIT1(up_strong)"," western_blot ,  prot-act ,  northern_blot","expression"
"INO2(ko) + inositol + choline","CRC1(down_weak) + CIT3(down_weak)"," microarray","expression"
"inositol + OPI1(ko) + choline","CRC1(down_medium)"," microarray","expression"
"ASH1","CRC1"," ChIP-chip","tfbinding"
"CAT8(ko) + ethanol + glycerol","CSRE(down_strong) + SIP4(down_strong)"," lacZ","expression"
"SIP4(ko) + ethanol + glycerol","CSRE(down_weak)"," lacZ","expression"
"galactose","CSRE(down_strong)"," lacZ","expression"
"glucose(low)","CSRE(up_strong)"," lacZ","expression"
"glucose","CSRE(down_strong) + SIP4(down_strong)"," lacZ","expression"
"SIP4(ko) + glucose(low)","CSRE(down_weak)"," lacZ","expression"
"CAT8 + nfcs","CSRE(up_strong) + ICL1(up_strong)"," mRNA ,  prot-act","tfbinding"
"nfcs + SIP4","CSRE"," emsa","tfbinding"
"ethanol + glycerol","CSRE(up_strong) + SIP4(up_strong)"," lacZ","expression"
"ADR1(oe) + ethanol","CTA1(up_medium)"," prot-act","expression"
"oleic_acid","CTA1(up_strong)"," prot-act","expression"
"oleic_acid + OAF1/PIP2(ko) + ADR1(ko)","CTA1(down_strong) + POT1(down_strong) + PEX11(down_strong) + POX1(down_strong)"," western_blot ,  northern_blot","expression"
"GCN2(ko) + rapamycin","CTA1(down_weak) + YAT1(down_medium) + YAT2(down_medium) + ICL1(down_medium) + SIP4(down_medium) + CAT2(down_weak) + POX1(down_weak)"," microarray","expression"
"myxothiazol","CTA1(up) + YJL045W(up) + CYB2(up_strong)"," microarray","expression"
"PIP2","CTA1 + FAA2 + IDP2"," ChIP-chip","tfbinding"
"H2O2","CTA1(up_medium)"," microarray","expression"
"glycerol + ADR1(ko)","CTA1(down_strong) + POX1(down_strong) + PEX11(down_medium) + CRC1(down_medium) + PXA1(down_medium) + PEX5(up_medium) + POT1(down_strong) + ECI1(down_weak) + PIP2(down_weak)"," kPCR","expression"
"YAP1(ko) + myxothiazol","CTA1(down) + YJL045W(down)"," microarray","expression"
"glucose(high)","CTA1(down_strong) + CTT1(down_strong)"," northern_blot","expression"
"H2O2 + YAP1(ko)","CTA1(down_medium)"," microarray","expression"
"NaCl","CTA1(up_medium) + CAT2(up_medium) + CIT1(up_medium) + PYC1(up_medium) + HXT5(up_strong) + IDH1(up_medium) + STL1(up_strong) + HXT1(up_strong) + GUT2(up_strong) + SDH1(up_medium) + ACO1(up_medium) + MAE1(down_strong) + GLK1(up_strong) + ACO2(down_strong) + YJL045W(up_medium) + REG2(up_medium) + GUT1(down_medium) + IDH2(up_medium) + HXK1(up_medium) + HXT2(down_medium) + FAA4(down_medium) + CYB2(up_medium) + PDC6(up_strong) + POX1(up_medium) + CRC1(up_medium) + SIP4(up_medium)"," microarray","expression"
"UME6","CTA1 + POT1 + FOX2 + POX1"," review","tfbinding"
"glucose(low) + OAF1","CTA1 + RSF1 + ENO1 + IDP3 + PDC1 + HXT6 + ACS1 + ICL1"," ChIP-chip","tfbinding"
"oleic_acid + ADR1(ko)","CTA1(down_medium)"," prot-act ,  northern_blot","expression"
"oleic_acid","CTA1(up_strong) + POT1(up_strong) + PEX11(up_strong) + POX1(up_strong)"," western_blot ,  northern_blot","expression"
"glucose","CTA1(down_strong)"," prot-act","expression"
"ADR1","CTA1"," emsa","tfbinding"
"ethanol + ADR1(ko)","CTA1(down_strong)"," prot-act","expression"
"MSN2","CTA1 + TDH3 + GPM1 + TPI1 + FBA1 + MDH1 + GID8"," ChIP-chip","tfbinding"
"oleic_acid + ADR1(ko)","CTA1(down_strong) + POX1(down_strong) + POT1(down_medium) + PEX11(down_strong)"," western_blot ,  northern_blot","expression"
"ethanol","CTA1(up_strong)"," prot-act","expression"
"YAP1(ko) + NEM","CTA1(down_strong)"," microarray","expression"
"ADR1","CTA1 + POX1 + POT1 + FOX2 + SPS19 + PIP2"," review","tfbinding"
"oleic_acid + OAF1/PIP2(ko)","CTA1(down_strong)"," lacZ","expression"
"ADR1(oe) + oleic_acid","CTA1(up_strong)"," prot-act","expression"
"O2","CTT1(up_strong) + CYC1(up_strong) + CTA1(up_strong)"," northern_blot","expression"
"anaerob + heme(absent)","CTT1(down_strong) + CYC1(down_strong) + CTA1(down_strong)"," northern_blot","expression"
"glucose + ADR1(oe) + HAP1(ko)","CYB2(down_weak)"," lacZ","expression"
"lactate + HAP2/3/4/5(ko) + glucose(low) + ethanol","CYB2(down_strong)"," lacZ ,  northern_blot ,  western_blot","expression"
"lactate + ADR1","CYB2"," emsa ,  consensus","tfbinding"
"ADR1(oe) + glucose","CYB2(up_strong)"," lacZ","expression"
"ethanol + lactate + glucose(low) + HAP1(ko)","CYB2(down_strong)"," northern_blot ,  western_blot ,  lacZ","expression"
"HAP4(oe) + glucose","CYB2(up_strong)"," lacZ","expression"
"lactate + glucose","CYB2(up_weak)"," northern_blot","expression"
"HAP1(ko) + HAP4(oe) + glucose","CYB2(down_strong)"," lacZ","expression"
"HAP1","CYB2"," emsa","tfbinding"
"ethanol","CYB2(up_medium)"," author-statement","expression"
"glucose","CYB2(down_strong)"," author-statement","expression"
"HAP1","CYB2 + FAA1 + DLD1 + HAP1 + GUT2"," ChIP-chip","tfbinding"
"glucose(low)","CYB2(down_strong)"," northern_blot","expression"
"anaerob","CYB2(down)"," author-statement","expression"
"glucose","CYB2(down_strong)"," northern_blot","expression"
"HAP1","CYB2 + PCK1 + REG2 + STL1 + MLS1"," consensus","tfbinding"
"heme(low)","CYB2(down)"," author-statement","expression"
"HAP2/3/4/5","CYB2"," emsa","tfbinding"
"lactate + glucose(low)","CYB2(up_strong)"," northern_blot","expression"
"lactate","CYB2(up_strong)"," author-statement","expression"
"allophanate","DAL2(up) + DAL4(up) + DUR3(up) + DAL7(up) + DUR1,2(up)"," author-statement","expression"
"DAL80","DAL3 + UGA4"," emsa","tfbinding"
"glucose + asparagine","DAL7(down_strong)"," northern_blot","expression"
"glucose + gaba + GLN3(ko)","DAL7(down_strong)"," lacZ","expression"
"glucose + Proline","DAL7(up)"," lacZ","expression"
"GLN3","DAL7"," ChIP-chip","tfbinding"
"SKN7","DAL7 + MDH2 + PCK1 + GID8"," ChIP-chip","tfbinding"
"glucose + DAL80(ko) + Proline","DAL7(up_medium)"," lacZ","expression"
"glucose + asparagine","DAL7(down_strong)"," lacZ","expression"
"DAL81(ko) + Proline + allophanate","DAL7(down_strong)"," northern_blot","expression"
"glucose + allophanate + Proline","DAL7(up_strong)"," lacZ","expression"
"DAL82","DAL7 + PDC5"," ChIP-chip","tfbinding"
"Proline + allophanate","DAL7(up_strong)"," northern_blot","expression"
"YAP7","DAL7 + TDH1"," ChIP-chip","tfbinding"
"nitrogen(low)","DAL7(up) + HXT2(down) + PDC5(up) + MLS1(up)"," microarray","expression"
"GLN3(ko) + Proline","DAL7(down_strong)"," northern_blot ,  microarray","expression"
"glutamine","DAL7(down_strong)"," northern_blot","expression"
"DAL81","DAL7 + GID8 + MDH2 + ACO1"," ChIP-chip","tfbinding"
"glucose + Proline","DAL7(up_strong)"," northern_blot","expression"
"asparagine","DAL7(down_strong)"," northern_blot","expression"
"allophanate + GLN3","DAL7(up_strong) + DAL5(up_strong) + DUR1,2(up_strong) + URA3(up_strong) + CAR1(up_strong)"," lacZ ,  northern_blot","expression"
"LEU3(ko) + Ammonia(low)","DAL7(up)"," microarray","expression"
"asparagine + DAL80(ko)","DAL7(up_strong)"," northern_blot","expression"
"GLN3(ko) + Proline","DAL7(down_strong)"," northern_blot","expression"
"glutamine","DAL7(down_strong)"," microarray ,  northern_blot","expression"
"DAL80(ko) + Proline","DAL7(up_strong)"," northern_blot ,  microarray","expression"
"DAL80","DAL7 + DAL3"," emsa","tfbinding"
"GLN3 + Proline","DAL80(up_strong)"," northern_blot","expression"
"nitrogen(low)","DAL80(up_strong)"," microarray","expression"
"asparagine","DAL80(down_strong)"," northern_blot ,  consensus","expression"
"HAP1 + heme","DLD1(up)"," mRNA","expression"
"nfcs + HAP2/3/4/5","DLD1"," emsa ,  site-mutation","tfbinding"
"glucose","DLD1(down_strong)"," mRNA","expression"
"HAP1","DLD1"," emsa ,  site-mutation","tfbinding"
"HAP2/3/4/5 + nfcs","DLD1(up)"," mRNA","expression"
"DAL82","DUR1,2 + DUR3 + DAL2 + DAL4 + DAL7"," binding","tfbinding"
"DAL80(ko) + allophanate","DUR1,2(up_strong) + UGA1(up_strong) + DAL7(up_strong)"," lacZ ,  northern_blot","expression"
"GLN3(ko) + allophanate","DUR1,2(down_strong) + URA3(down_strong) + CAR1(down_strong) + DAL7(down_strong) + DAL5(down_strong)"," lacZ ,  northern_blot","expression"
"DAL82 + allophanate + DAL81","DUR3(up_strong) + CAR2(up_strong) + DAL7(up_strong) + DUR1,2(up_strong) + DAL2(up_strong) + DAL4(up_strong)"," site-mutation ,  consensus ,  author-statement","expression"
"oleic_acid","ECI1(up_strong) + CRC1(up_medium) + PEX11(up_strong) + PIP2(up_strong) + POX1(up_strong) + PEX5(up_medium) + CTA1(up_medium) + POT1(up_strong)"," northern_blot","expression"
"AFT2","ECI1"," ChIP-chip","tfbinding"
"OAF1/PIP2 + oleic_acid","ECI1 + CTA1 + PIP2 + POX1 + CRC1 + POT1 + PEX5 + PEX11"," ChIP ,  consensus","tfbinding"
"oleic_acid + ADR1(ko)","ECI1(down_strong) + POT1(down_strong) + PIP2(down_medium) + POX1(down_strong) + CRC1(down_medium) + PEX11(down_medium) + CTA1(down_strong) + PEX5(down_medium) + PXA1(down_strong)"," kPCR","expression"
"RTG1(ko) + glucose","ENO1(down_medium)"," lacZ","expression"
"glucose + INO2(ko)","ENO1(down_medium)"," lacZ","expression"
"HMS1(ko) + glucose","ENO1(down_strong)"," lacZ","expression"
"GCR1(ko) + glucose","ENO1(down_strong) + TDH1(down_strong) + PGK1(down_strong) + PGM1(down_strong) + TPI1(down_strong) + TDH2(down_strong) + TDH3(down_strong) + CDC19(down_strong) + ENO2(down_strong)"," northern_blot","expression"
"TYE7","ENO1"," footprinting ,  emsa","tfbinding"
"glycerol + lactate + GCR2(ko)","ENO1(down_strong)"," northern_blot","expression"
"GCR1(ko) + glycerol + GCR2(ko) + lactate","ENO1(down_strong) + ENO2(down_strong) + PFK2(down_medium) + TPI1(down_strong) + FBA1(down_strong) + PGK1(down_strong) + GPM1(down_strong) + TDH1(down_medium) + CDC19(down_strong) + TDH3(down_strong) + HXK1(down_medium) + TDH2(down_strong) + PFK1(down_weak) + PGI1(down_strong)"," kPCR ,  northern_blot ,  prot-act","expression"
"YGR290W(ko) + glucose","ENO1(down_medium)"," lacZ","expression"
"GCR1 + glucose","ENO1(up_strong)"," northern_blot","expression"
"glucose + GCR1(ko)","ENO1(down_strong) + ENO2(down_strong) + TDH1(up_weak) + SDH4(up_strong) + SDH1(up_strong) + ACO1(up_strong) + GPM1(down_strong)"," RT-PCR","expression"
"glycerol + lactate + GCR1","ENO1(up_strong)"," northern_blot","expression"
"TYE7(ko) + GCR1(ko) + glucose","ENO1(down_strong) + ENO2(down_strong)"," western_blot","expression"
"INO2/4 + CBF1 + TYE7","ENO1"," ChIP","tfbinding"
"glucose + PDR1(oe)","ENO1(up_medium) + MIG2(up_medium) + PDC1(up_weak)"," kPCR","expression"
"lactate + glycerol + GCR2(ko)","ENO1(down_strong) + SIP4(up_weak) + ENO2(down_strong) + GPM1(down_strong)"," RT-PCR","expression"
"GCR2 + glucose","ENO1(up_strong)"," northern_blot","expression"
"RTG3(ko) + glucose","ENO1(down_weak)"," lacZ","expression"
"osmotic_shock","ENO1(up_medium)"," northern_blot","expression"
"GCR1(ko) + glucose","ENO1(down_strong)"," northern_blot","expression"
"PHO4(ko) + glucose","ENO1(down_medium)"," lacZ","expression"
"GCR2(ko) + glucose","ENO1(down_strong)"," northern_blot","expression"
"glycerol + GCR1(ko) + lactate","ENO1(down_strong)"," northern_blot","expression"
"glucose + INO4(ko)","ENO1(down_weak)"," lacZ","expression"
"RAP1","ENO1 + CDC19"," emsa","tfbinding"
"inositol + choline","ENO1(down_weak)"," lacZ","expression"
"Phosphorus source(high) + glucose + YGR290W(ko) + choline + inositol","ENO1(down_weak)"," lacZ","expression"
"glycerol + GCR2 + lactate","ENO1(up_strong)"," northern_blot","expression"
"glucose + CBF1(ko)","ENO1(down_strong)"," lacZ","expression"
"TYE7(ko) + glucose","ENO1(down_strong)"," lacZ","expression"
"inositol + choline + glucose + RTG3(ko)","ENO1(down_medium)"," lacZ","expression"
"RAP1 + ABF1 + GCR1 + glucose","ENO2(up) + ENO1(up)"," Expression evidence","expression"
"glucose","ENO2(up_strong)"," northern_blot ,  western_blot","expression"
"glucose","ENO2(up_strong)"," author-statement","expression"
"heat_shock","ENO2(up) + CYB2(up) + SIP4(up) + TYE7(up) + PGK1(up) + HXT5(up) + HXK1(up) + SDH3(up)"," microarray","expression"
"RAP1","ENO2 + ENO1"," binding","tfbinding"
"glucose","ENO2(up_strong) + GPM1(up_strong) + TDH1(down_strong) + ENO1(up_strong) + TPI1(up_medium)"," microarray","expression"
"glucose + GCR1(ko) + TYE7(oe)","ENO2(up_weak) + TPI1(up_weak) + PGK1(up_medium) + TDH1(up_weak) + PGM1(up_strong) + TDH3(up_weak) + TDH2(up_weak) + CDC19(up_strong) + ENO1(up_strong)"," northern_blot","expression"
"ethanol","ENO2(down_strong)"," northern_blot ,  western_blot","expression"
"lactate + glycerol","ENO2(down_strong)"," western_blot ,  northern_blot","expression"
"glucose","ENO2(up_strong)"," author-statement","expression"
"glycerol + lactate","ENO2(down_strong)"," author-statement","expression"
"glycerol + lactate","ENO2(down_strong)"," author-statement","expression"
"lactate + glycerol + GCR1(ko)","ENO2(down_strong) + GPM1(down_strong) + ENO1(down_strong)"," RT-PCR","expression"
"glucose + GCR2(ko)","ENO2(down_strong) + SDH1(up_strong) + ENO1(down_strong) + HAP5(up_medium) + SDH4(up_strong) + SIP4(up_medium) + GPM1(down_strong) + ACO1(up_strong)"," RT-PCR","expression"
"GCR1 + RAP1 + ABF1","ENO2"," binding","tfbinding"
"GCR1(ko)","ENO2(down_strong)"," lacZ ,  author-statement","expression"
"ABF1","ENO2"," binding","tfbinding"
"INO2","FAA1 + HXT3"," ChIP-chip","tfbinding"
"heat_shock","FAA1(up_strong)"," microarray ,  author-statement","expression"
"SOK2","FAA1 + GID8 + HXT6 + HXK1 + HAP4"," ChIP-chip","tfbinding"
"ADR1","FAA1"," ChIP-chip","tfbinding"
"stationary_phase","FAA1(up_strong)"," author-statement ,  microarray","expression"
"OAF1","FAA2 + HAP2 + SDH1 + CTA1 + IDP2 + FUM1"," ChIP-chip","tfbinding"
"gluc_depl + GIS1(ko)","FAA2(down_weak) + IDP2(down_medium) + PCK1(down_medium) + ICL1(down_medium) + FBP1(down_medium) + MLS1(down_medium)"," microarray","expression"
"CIN5","FAA4 + HXT6 + ACO1 + FAA1 + PDC1 + HXT3 + TDH3 + HXK2"," ChIP-chip","tfbinding"
"GTS1","FAA4"," ChIP-chip","tfbinding"
"RLM1","FAA4"," ChIP-chip","tfbinding"
"heat_shock","FAA4(down)"," author-statement ,  microarray","expression"
"glucose + stationary_phase","FAA4(down_strong)"," microarray ,  author-statement","expression"
"RAP1","FBA1 + GPM1 + HXT5 + ACS1 + PGI1 + SIP4 + TDH3 + HAP5 + PFK27 + PDC1 + CRC1 + FAA1"," ChIP-chip","tfbinding"
"GCR1(ko) + glucose","FBA1(down_weak) + ADH1(down_medium) + FAA1(up_strong) + CDC19(down_medium) + ENO1(down_strong) + TDH1(down_weak) + GLK1(up_strong) + CIT2(up_strong) + TDH3(down_medium) + PGK1(down_medium) + ENO2(down_strong) + CIT1(up_strong) + TPI1(down_medium) + TDH2(down_weak) + CIT3(up_strong) + GPM1(down_strong)"," microarray","expression"
"raffinose + GCR1(ko)","FBA1(down_weak) + CDC19(down_medium) + GLK1(up_weak) + PGK1(down_medium) + TDH1(down_weak) + TDH2(down_weak) + CIT2(up_weak) + ENO2(down_strong) + ADH1(down_medium) + GPM1(down_strong) + TPI1(down_medium) + TDH3(down_medium) + FAA1(up_weak) + CIT1(up_weak) + ENO1(down_strong) + CIT3(up_strong)"," microarray","expression"
"PHO2","FBA1 + TDH3"," ChIP-chip","tfbinding"
"ABF1 + RAP1 + nfcs","FBA1(up_strong)"," consensus ,  lacZ","expression"
"RAP1 + ABF1 + glucose","FBA1(up_strong)"," lacZ ,  consensus","expression"
"freeze_shock","FBA1(up_strong)"," northern_blot","expression"
"glucose + GCR1(ko) + lactate + glycerol","FBA1(down_medium) + GPM1(down_strong) + TDH1(up_medium) + PGK1(down_weak) + PGI1(down_weak) + TDH2(down_weak) + CDC19(down_weak) + ENO1(down_medium) + ENO2(down_strong) + TPI1(down_strong) + TDH3(down_medium) + GCR1(down_strong)"," microarray","expression"
"glucose","FBA1(up_weak) + PFK2(up_medium) + PDC1(up_weak) + ENO1(up_medium) + ENO2(up_medium) + ADH1(up_weak) + CDC19(up_medium) + TPI1(up_weak) + LPD1(down_medium) + PGK1(up_weak) + PGM1(up_medium) + PFK1(up_weak)"," lacZ ,  northern_blot","expression"
"glucose(low) + CAT8(ko)","FBP1(down_strong) + ICL1(down_strong) + FOX2(down_weak) + POT1(up_medium) + ALD4(up_weak) + ADY2(down_strong) + POX1(down_medium) + ADH2(down_strong) + ATO3(down_strong) + JEN1(down_medium) + FDH1(down_medium) + CYB2(up_weak) + CTA1(up_medium) + MDH2(down_strong) + ACS1(down_strong) + MLS1(down_strong) + SPS19(down_weak) + SPG1(up_medium)"," kPCR","expression"
"cAMP","FBP1(down_strong) + PCK1(down_strong)"," mRNA","expression"
"YAP1","FBP1 + PCK1"," consensus","tfbinding"
"CAT5(ko) + ethanol","FBP1(down_strong) + ICL1(down_strong) + PCK1(down_strong)"," prot-act","expression"
"glucose + MIG1","FBP1(down_strong)"," lacZ ,  consensus","expression"
"glycerol + ethanol","FBP1(up_strong) + CAT8(up_strong) + SIP4(up_strong)"," lacZ","expression"
"LEU3(oe)","FBP1 + PDC6 + CIT3 + YJL045W + DAL7 + ADH2 + PDC5"," ChIP-chip","tfbinding"
"glucose","FBP1(down_strong) + PCK1(down_strong)"," lacZ","expression"
"glucose","FBP1(down_strong)"," lacZ","expression"
"CAT8 + SIP4","FBP1"," emsa","tfbinding"
"ethanol","FBP1(up_strong)"," emsa","expression"
"lactate + glycerol + GCR2(ko)","FBP1(down_weak) + PGK1(down_strong) + PGI1(down_strong) + TPI1(down_strong) + FBA1(down_strong)"," prot-act","expression"
"glucose(absent)","FBP1(up)"," prot-act","expression"
"ethanol","FBP1(up_strong) + CAT8(up_strong) + PCK1(up_strong)"," northern_blot ,  western_blot ,  lacZ","expression"
"glucose(low)","FBP1(down_strong) + CAT8(down_strong) + SIP4(down_strong)"," lacZ","expression"
"glucose","FBP1(down_strong)"," northern_blot","expression"
"CAT8(ko) + ethanol","FBP1(down_strong) + PCK1(down_strong)"," northern_blot ,  western_blot","expression"
"glucose","FBP1(down_strong)"," emsa","expression"
"RDS2","FBP1 + PCK1"," emsa","tfbinding"
"SNF1(ko) + ethanol","FBP1(down_strong) + CAT8(down_strong)"," lacZ","expression"
"GLK1(ko) + glucose + HXK1(ko) + HXK2(ko)","FBP1(up_strong) + PCK1(up_strong)"," northern_blot","expression"
"ethanol + cAMP","FBP1(down_strong)"," mRNA","expression"
"ADR1(oe) + oleic_acid","FOX2(up_strong) + CTA1(up_strong) + FAA2(up_strong) + SPS19(up_strong) + POX1(up_strong) + POT1(up_medium) + ADH2(up_strong)"," kPCR","expression"
"RTG3","FOX2"," ChIP-chip","tfbinding"
"gluc_depl + ADR1(ko)","FOX2(down_strong) + DCI1(down_medium) + POX1(down_strong) + SPS19(down_strong) + CTA1(down_strong) + CYB2(down_medium) + ADH2(down_strong) + GUT2(down_medium) + POT1(down_strong) + ALD4 + ICL2(down_strong) + CIT3(down_strong) + PXA1(down_medium) + ACS1(down_strong) + GUT1(down_medium) + IDP3(down_strong) + PEX11(down_medium)"," microarray","expression"
"MSN4 + glucose(low) + MSN2","GDH3(down_medium) + TKL2(down_strong) + GLK1(down_medium) + ARA1(down_medium) + SSA3(down_strong) + HXK1(down_strong) + HSP104(down_medium) + HOR2(down_medium) + SSA4(down_medium) + PGM2(down_medium) + SOD2(down_medium) + TPS1(down_strong) + ALD3(down_strong)"," 2d-gel","expression"
"NaCl + CIN5","GID8 + HXT7 + PDC1 + DCI1 + HXK2 + STL1 + PEX25 + HXK1 + HXT1 + ENO1 + HXT6 + HXT4 + ACO1 + MDH2 + FBA1 + DLD1 + HXT2 + PFK27 + MAE1 + PYC2 + TDH2"," ChIP-chip","tfbinding"
"ethanol + RDS2(ko)","GID8(up) + FBP1(down_strong) + HAP4(down_strong) + KGD2(down) + SFC1(down) + LSC2(down) + PCK1(down_strong) + PFK27(up)"," RT-PCR","expression"
"RIM101","GID8 + HXT6"," ChIP-chip","tfbinding"
"ethanol","GLK1(up_medium) + FBP1(up_strong)"," northern_blot","expression"
"cAMP + ethanol","GLK1(up_strong) + FBP1(down_strong)"," northern_blot","expression"
"glucose","GLK1(down_strong) + FBP1(down_strong)"," northern_blot","expression"
"GCR1(ko) + glucose","GLK1(up_strong) + HXT1(down_medium) + ADH2(down_medium) + CIT1(up_strong) + GUT2(up_medium) + NDI1(up_medium) + PCK1(up_medium) + CIT2(up_strong) + HXT2(down_strong) + PGK1(down_medium) + SDH3(up_medium) + CIT3(up_medium) + ENO2(down_strong) + SDH1(up_medium) + HXK1(up_medium) + CDC19(down_strong) + GPM1(down_strong) + FUM1(up_medium) + LPD1(up_medium) + PFK1(down_medium) + IDP2(up_medium) + CYB2(up_medium) + PYC1(up_medium) + FBP1(up_medium) + TPI1(down_medium) + LSC2(up_medium) + DLD3(up_medium) + ENO1(down_strong) + TDH2(down_strong) + FBA1(down_medium) + HXT3(down_medium) + ADH1(down_strong) + MDH1(up_medium) + ACO1(up_medium) + TDH1(up_strong) + SDH2(up_medium) + SDH4(up_medium)"," microarray","expression"
"HU","GLK1(up_medium) + PFK26(up_medium) + SPS19(up_medium) + HXT1(up_medium) + SIP4(up_medium) + CTA1(down_weak) + HAP4(up_medium) + HXT3(up_medium) + IDH2(up_medium)"," microarray","expression"
"FZF1","GLK1"," ChIP-chip","tfbinding"
"glucose(low) + PIP2","GLK1 + JEN1 + ICL1 + ADR1 + PDC5 + FAA4 + CIT1 + POX1"," ChIP-chip","tfbinding"
"cAMP + glucose(low)","GPD1(down_strong) + KGD2(down_medium) + ALD6(down_medium) + ADH2(down_strong) + ICL1(down_strong)"," 2d-gel","expression"
"GCR1","GPM1 + TPI1 + SPS19 + PGI1 + PDC1 + TDH3"," ChIP-chip","tfbinding"
"TYE7(ko) + lactate + glycerol","GPM1(down_weak) + ENO1(down_weak) + CDC19(down_weak)"," prot-act","expression"
"GCR1(up)","GPM1(up_strong)"," lacZ ,  western_blot ,  northern_blot","expression"
"GCR2","GPM1 + ENO2 + TDH2 + TDH3 + PGI1 + PYC1 + FBA1 + PDC1"," ChIP-chip","tfbinding"
"MSN2 + NaCl","GPM1 + HXT6 + ENO1 + HAP1 + CIT2 + GID8 + STL1 + PGK1"," ChIP-chip","tfbinding"
"sulfur(low)","GPM2(down) + TYE7(down) + DLD3(up) + TDH1(down) + MDH2(down) + HXT6(down) + JEN1(down) + HXT7(down) + HXK1(down)"," microarray","expression"
"OAF1/PIP2","GRX3 + ATF1 + UGA3 + DUS3 + IFA38 + DCI1 + ECI1 + POT1 + POX1 + SER1 + IZH2 + YJL218W + MDH3 + CRC1 + PXA2 + RIM1 + NNK1 + PEX11 + CIN1 + YAT1 + HXK1 + PIP2 + CIT1 + FAA2 + IDP3 + QDR1 + MIP6 + PEX5 + SAM50 + EEB1 + CUP2 + SPS19 + YNL035C + FOX2 + TPS2 + SPC25 + TES1 + MAL33 + CTA1 + CAT2"," consensus","tfbinding"
"HAP4(ko)","GSM1(down)"," review","tfbinding"
"glucose","GSM1(down_strong)"," review","expression"
"glycerol","GSM1(up_strong)"," review","expression"
"FKH1","GSM1"," ChIP-chip","tfbinding"
"ethanol","GSM1(up_strong)"," review","expression"
"ethanol","GUT1(up_medium)"," northern_blot ,  lacZ","expression"
"lactate","GUT1(up_medium)"," lacZ","expression"
"glucose + MIG1(ko) + MIG2(ko)","GUT1(up_medium)"," lacZ","expression"
"glycerol + ADR1 + INO2/4","GUT1"," emsa","tfbinding"
"glycerol","GUT1(up_strong)"," northern_blot ,  lacZ","expression"
"oleic_acid","GUT1(up_medium)"," lacZ","expression"
"acetate","GUT1(up_medium)"," lacZ","expression"
"INO2/4 + ADR1 + glycerol","GUT1(up_strong)"," site-mutation","expression"
"glucose","GUT1(down_strong)"," northern_blot ,  lacZ","expression"
"OPI1(ko) + glucose","GUT1(up_strong)"," lacZ","expression"
"cAMP + nitrogen(low)","GUT2(down_strong) + DCS2(down_strong) + DSE2(down_strong) + UGA1(down_strong) + AGP1(down_strong) + SUR1(down_strong) + ICL1(down_strong) + UGA2(down_strong) + FPS1(down_strong) + APE3(down_strong) + PLB2(down_strong) + GLK1(down_strong) + MDH2(down_strong) + APE2(down_strong) + YMR086W(down_strong) + HXK1(down_strong) + YHR033W(down_strong)"," lacZ","expression"
"nfcs + HAP2/3/4/5 + SNF1","GUT2(up)"," mRNA","expression"
"glucose","GUT2(down_strong) + MDH2(down_strong) + GLK1(down_strong) + ICL1(down_strong)"," northern_blot","expression"
"glucose + MIG1(ko)","GUT2(up_weak) + ADR1(up_medium) + HXK1(up_medium) + JEN1(up_weak) + REG2(up_strong) + GUT1(up_medium) + LSC2(up_weak) + HXT4(up_medium) + CRC1(up_weak) + ICL1(up_weak) + CAT8(up_medium) + MDH2(down_medium) + HXT3(up_weak) + HXT1(down_weak) + HXT2(up_weak)"," microarray","expression"
"glucose(low)","GUT2(up) + FAA2(up) + PFK27(down) + TDH3(down) + SPS19(up) + CAT2(up) + SIP2(up) + MDH2(up) + TES1(up) + PEX1(up) + ECI1(up) + ADR1(up) + FOX2(up) + ICL2(up) + STL1(up) + GUT1(up) + MIG2(down) + SIP4(up) + DCI1(up) + HXK1(up) + PFK26(up) + CAT8(up) + HXT4(down) + IDP3(up) + ACS1(up) + CYB2(up) + CRC1(up) + MSN4(down) + HXT2(up) + PXA1(up) + ICL1(up)"," microarray","expression"
"YAP6 + NaCl","HAP1 + HXK2 + HXT3 + HXT4 + FAA1 + MAE1 + HXT7 + HXK1 + ACO1 + HXT2 + PDC1 + STL1 + GID8 + HXT6 + HXT1 + ENO1"," ChIP-chip","tfbinding"
"YAP1(ko) + NO","HAP1(down) + TDH1(down)"," microarray","expression"
"SWI4","HAP1 + GID8"," ChIP-chip","tfbinding"
"RAP1","HAP1 + OAF1 + TDH3 + CRC1 + TYE7 + HSF1 + RAP1 + PFK27 + ENO1 + ENO2 + ADH1 + GCN4 + HXT5 + GPM2 + SIP4 + CAT5 + ADH3 + CDC19 + PGI1 + PDC1 + HAP3 + GPM1 + SNF4 + TDH2 + PEX6"," ChIP-chip","tfbinding"
"glycerol + RSF1(ko)","HAP4(down_medium)"," microarray","expression"
"RDS2(ko) + ethanol","HAP4(down) + FBP1(down) + GID8(up) + PCK1(down) + PFK27(up) + LSC2(down)"," review","expression"
"RDS2","HAP4 + PCK1 + OPI1 + SIP4 + GID8 + FBP1 + PFK27 + LSC2"," review","tfbinding"
"SKN7","HAP4 + PCK1 + GID8 + IDH2 + DAL7 + ACO1 + MDH2"," ChIP-chip","tfbinding"
"NRG1","HAP4 + IDH2 + SFC1 + HXT2 + STL1 + GID8"," ChIP-chip","tfbinding"
"GCR2(ko) + lactate + glycerol","HXK1(down_weak) + PFK2(down_weak) + ENO1(down_strong) + TDH3(down_strong) + CDC19(down_strong) + TPI1(down_strong) + TDH1(down_medium) + PGI1(down_strong) + TDH2(down_strong) + FBA1(down_strong) + GPM1(down_strong) + ENO2(down_strong) + PGK1(down_strong)"," prot-act ,  kPCR ,  northern_blot","expression"
"MSN2(ko) + heat_shock + MSN4(ko)","HXK1(down_strong) + MDH1(down_medium) + TES1(down_strong) + PGM2(down_strong) + GLK1(down_medium) + CTT1(down_strong)"," 2d-gel","expression"
"cAMP + heat_shock","HXK1(down_strong) + CTT1(down_strong) + MDH1(down_medium) + PGM2(down_strong) + GLK1(down_medium) + TES1(down_strong)"," 2d-gel","expression"
"lactate + glycerol + GCR1(ko)","HXK1(down_medium) + CDC19(down_strong) + PGK1(down_strong) + FBA1(down_strong) + GPM1(down_strong) + TDH1(down_medium) + ENO1(down_strong) + PFK2(down_weak) + TDH3(down_strong) + PGI1(down_strong) + TDH2(down_strong) + TPI1(down_strong) + PFK1(down_weak) + ENO2(down_strong)"," northern_blot ,  prot-act ,  kPCR","expression"
"SWI6","HXK1"," ChIP-chip","tfbinding"
"glucose + NRG1(ko)","HXK1(up_medium) + CYB2(up_medium) + HXT6(up_medium) + CRC1(up_weak) + IDH2(up_medium) + PYK2(up_weak)"," microarray","expression"
"SWI4","HXK2 + HXT3 + DLD1 + ENO1 + GID8 + HAP1 + PDC1"," ChIP-chip","tfbinding"
"STP2","HXK2 + ADR1"," ChIP-chip","tfbinding"
"osmotic_shock","HXK2(down_medium) + ALD6(down_medium) + DAK1(up_medium) + ENO2(down_medium) + PDC1(down_medium) + GPD1(up_medium) + HOR2(up_medium) + FBA1(down_medium) + ENO1(up_medium)"," 2d-gel","expression"
"ABF1","HXK2 + YAT1 + GID8 + CAT8 + PGI1 + MLS1 + ADR1 + FOX2 + FAA1 + FUM1 + HXT2 + ANT1 + IDH1 + ACS1 + JEN1 + LPD1 + FBA1"," ChIP-chip","tfbinding"
"ABF1(ko) + glucose","HXT1(up_weak) + MDH2(down_weak) + ANT1(down_weak) + REG2(down_weak) + FAA4(down_weak)"," microarray","expression"
"FKH1","HXT1 + HAP5"," ChIP-chip","tfbinding"
"SKO1","HXT1"," ChIP-chip","tfbinding"
"ARO80","HXT1"," ChIP-chip","tfbinding"
"RGT1","HXT1"," ChIP-chip","tfbinding"
"RAP1 + glucose","HXT1 + FBA1 + ENO1 + SIP4 + HAP1 + YAT1 + PGK1 + GUT1 + TDH3 + GLK1 + MAE1 + PDC1 + YJL045W + PGI1 + OAF1 + HXT5 + FAA1 + DLD1 + TPI1 + GID8 + PFK27 + CRC1 + HAP5 + GPM1 + IDP2"," ChIP-chip","tfbinding"
"FKH2","HXT1 + TDH1 + KGD2"," ChIP-chip","tfbinding"
"SOK2","HXT1"," ChIP-chip","tfbinding"
"rapamycin","HXT1(down_medium) + PDC6(up_strong) + HAP5(up_medium) + CTA1(up_medium) + SIP4(up_strong) + ICL1(up_medium) + PYC1(up_medium) + CIT3(up_strong) + HXT5(up_medium) + CAT8(up_medium) + IDP2(up_medium) + ECI1(up_medium) + FBP1(up_medium) + DAL7(up_strong) + PCK1(up_medium) + CRC1(up_strong) + GSM1(up_medium) + JEN1(up_medium) + ACS1(up_medium) + PIP2(up_medium) + CYB2(up_medium) + MLS1(up_strong) + YJL045W(up_medium) + POX1(up_medium) + SDH3(up_medium) + CAT2(up_strong) + CIT2(up_medium) + IDP3(up_medium) + PXA2(up_medium) + POT1(up_medium) + YAT1(up_strong) + YAT2(up_strong) + CIT1(up_medium) + MDH2(up_medium) + PEX11(up_medium) + GID8(up_medium)"," microarray","expression"
"SNF1(ko) + high_pH","HXT2(down_medium)"," lacZ","expression"
"CNB1(ko) + high_pH","HXT2(down_weak)"," lacZ ,  northern_blot","expression"
"RAP1(ko) + glucose","HXT2(down_strong) + SIP4(up_medium) + IDP2(up_medium) + ECI1(up_medium) + CYB2(up_medium) + PGI1(down_medium) + PGK1(down_medium) + HXK2(down_medium) + CIT2(down_medium) + HAP4(up_medium) + ENO1(down_strong)"," microarray","expression"
"calcium","HXT2(up_strong)"," lacZ","expression"
"CNB1(ko) + calcium","HXT2(down_strong)"," lacZ","expression"
"glucose(high) + MIG2(ko)","HXT2(up_medium) + HXT6(up_medium) + HXT7(up_medium) + HXT4(up_medium)"," microarray","expression"
"CRZ1(ko) + calcium","HXT2(down_strong)"," lacZ","expression"
"MIG1(ko) + glucose + MIG2(ko)","HXT2(up_medium) + HXT6(up_medium) + HXT4(up_medium) + HXT7(up_medium)"," microarray","expression"
"CRZ1(ko) + high_pH","HXT2(down_weak)"," lacZ","expression"
"glucose(low)","HXT2(up_strong)"," lacZ","expression"
"NaCl","HXT2(down) + LSC1(up) + GLK1(up) + ACO2(down) + SDH4(up) + HXK1(up) + MDH2(up) + IDH2(up) + DLD1(up) + HAP1(up) + LPD1(up) + CIT1(up) + LSC2(up) + IDH1(up) + FAA4(down) + PYC1(up) + PDC5(down) + FAA1(up) + PEX25(up) + HXT1(up) + GUT2(up) + MAE1(down) + MDH1(up) + KGD2(up) + KGD1(up) + CIT2(up) + ADH2(down) + HXT6(up) + PYC2(down) + SDH3(up) + REG2(down) + HXT5(up)"," microarray","expression"
"high_pH","HXT2(up_strong)"," lacZ ,  northern_blot","expression"
"SNF1(ko) + glucose(low)","HXT2(down_strong)"," lacZ","expression"
"CRZ1 + calcium","HXT2"," emsa ,  site-mutation","tfbinding"
"high_pH + SNF1(ko) + CNB1(ko)","HXT2(down_strong)"," lacZ","expression"
"CRZ1 + high_pH","HXT2"," site-mutation ,  emsa","tfbinding"
"PDR3(ko) + selenite","HXT3(up_medium) + HXT4(up_medium) + HXT6(up_medium) + HXK1(up_medium)"," microarray","expression"
"SWI5","HXT3 + ENO1 + DLD1"," ChIP-chip","tfbinding"
"glucose + MIG1","HXT3(down) + PCK1(down) + HXT2(down) + CAT8(down) + HXK1(down) + GLK1(down) + FBP1(down) + HXT4(down) + SNF3(down) + HAP4(down) + PDC1(down) + MLS1(down) + ICL1(down)"," review","expression"
"glucose(high) + MIG1(ko)","HXT4(up_medium)"," kPCR","expression"
"inositol + choline + INO4","HXT4(up_medium) + HXT6(up_medium) + HXK1(up_strong)"," microarray","expression"
"glucose + ARR1(ko)","HXT4(down_medium) + HXT3(down_medium) + FOX2(up_medium) + CTA1(up_medium) + HAP4(down_medium) + SDH1(down_medium) + PXA1(up_medium)"," microarray","expression"
"choline + INO2 + inositol","HXT4(up_strong) + HXT6(up_medium) + HXK1(up_strong)"," microarray","expression"
"MIG1(ko) + glucose","HXT4(up_medium)"," kPCR","expression"
"IXR1","HXT5 + SDH2"," ChIP-chip","tfbinding"
"SKO1","HXT5 + FAA1 + STL1"," ChIP-chip","tfbinding"
"INO4","HXT6 + ACS1 + TPI1 + HXT3"," ChIP-chip","tfbinding"
"fluphenazine","HXT6(up_medium) + HXK1(up_strong) + GLK1(up_medium) + HXT7(up_medium)"," microarray","expression"
"NRG1","HXT6 + STL1 + GID8"," ChIP-chip","tfbinding"
"choline + OPI1 + inositol","HXT6(up_weak) + HXK1(up_medium)"," microarray","expression"
"sorbac","HXT6(up_weak) + CRC1(down_weak) + HXT7(up_weak) + REG2(down_weak) + ADH3(down) + TDH1(up) + IDH2(up_weak) + ENO2(down) + SDH3(up_weak) + GCN4(up_weak) + PCK1(down_medium) + STL1(up_weak) + TDH2(up_weak) + SIP4(down_weak) + SFC1(down_weak) + FBA1(up_weak) + HAP1(up_weak)"," proteomics ,  High-throughput mRNA expression evidence","expression"
"PDR1(ko) + selenite","HXT6(up_medium) + HXT7(up_medium) + IDH2(up_medium) + HXT3(up_medium) + ACO1(up_medium) + GLK1(up_medium) + HXK1(up_medium) + HXT4(up_medium)"," microarray","expression"
"PHD1","HXT6 + HXT2 + GID8 + HAP4"," ChIP-chip","tfbinding"
"CIN5","HXT6 + FAA4 + HXT3 + HXK2 + TDH3 + ACO1"," ChIP-chip","tfbinding"
"glucose(low)","HXT6(up_strong) + PYK2(up_strong) + IDH2(up_medium) + HXK1(up_strong) + CYB2(up_strong) + CRC1(up_strong)"," microarray","expression"
"arsenic + RPN4(ko)","HXT6(up_medium) + IDH1(up_medium) + HXT3(up_medium) + HXT5(up_medium) + HXT7(up_medium) + GLK1(up_medium) + GUT2(up_medium) + IDH2(up_medium) + MIG1(up_medium) + HAP4(up_medium) + PCK1(down_medium) + PDC6(up_medium) + PDC5(up_medium) + CIT2(up_medium) + MAE1(up_medium) + PGI1(up_medium) + SDH4(up_medium) + CIT1(up_medium)"," microarray","expression"
"ASH1","HXT6 + PCK1"," ChIP-chip","tfbinding"
"MIG2","HXT6"," ChIP-chip","tfbinding"
"PHD1","HXT6 + HAP4 + GID8 + HXT2 + HXT3"," ChIP-chip","tfbinding"
"glucose + NRG2(ko)","HXT6(up_medium) + CRC1(up_medium) + IDH2(up_medium) + HXK1(up_medium) + PYK2(up_weak) + CYB2(up_medium)"," microarray","expression"
"MIG1(ko) + MIG2(ko) + glucose(high)","HXT6(up_strong) + HXT4(up_strong) + HXT2(up_strong) + HXT7(up_strong)"," microarray","expression"
"PHO4","HXT7 + ACO2 + MDH1 + TDH1 + RDS2"," ChIP-chip","tfbinding"
"PDR1","HXT7"," ChIP-chip","tfbinding"
"glucose(high)","HXT7(down_strong) + HXT2(down_strong) + HXT4(down_strong) + HXT6(down_strong)"," microarray","expression"
"ethanol + CAT8(ko)","ICL1(down_strong) + PCK1(down_strong) + FBP1(down_strong)"," prot-act","expression"
"SDH2(ko) + ethanol","ICL1(up_medium) + CAT2(up_medium) + PCK1(up_medium) + MDH1(up_medium) + MDH2(up_medium)"," prot-act","expression"
"glucose + HXK2(ko)","ICL1(up_strong) + HXT6(up_strong) + MAE1(down_medium) + SDH3(up_medium) + HXT1(down_strong) + HXT5(up_medium) + MDH2(up_medium) + PCK1(up_medium) + ALD4(up_medium) + HXK1(up_strong) + HXK2(down_strong) + MDH1(up_medium) + PDC5(down_medium) + IDP2(up_strong) + CIT1(up_medium) + HXT7(up_strong) + CIT3(up_medium) + MLS1(up_strong) + KGD2(up_medium) + SDH4(up_strong) + MDH3(up_medium) + FBP1(up_strong) + SDH2(up_medium) + HXT4(up_strong) + LSC2(up_medium) + SDH1(up_medium)"," microarray","expression"
"ZAP1","ICL1"," ChIP-chip","tfbinding"
"nfcs + CAT8","ICL1(up) + SFC1(up) + MLS1(up) + PCK1(up) + FBP1(up)"," author-statement","expression"
"CAT8","ICL1 + MDH2 + IDP2 + MLS1"," review","tfbinding"
"cAMP + glucose(low)","ICL1(down_strong) + MDH2(down_strong) + GUT2(down_strong) + GLK1(down_strong)"," northern_blot","expression"
"glycerol","ICL1(up_medium)"," prot-act","expression"
"SIP4","ICL1 + PCK1"," ChIP-chip","tfbinding"
"glucose","ICL1(down_strong)"," prot-act","expression"
"MSN4(ko) + glucose(low) + MSN2(ko)","ICL1(up_medium) + ADH2(up_medium) + ALD6(up_medium) + GPD1(down_weak) + KGD2(up_weak)"," 2d-gel","expression"
"MIG2(ko) + glucose + MIG1(ko)","ICL1(up_medium) + REG2(up_strong) + CAT8(up_strong) + ADR1(up_strong) + CRC1(up_medium) + JEN1(up_strong) + GUT1(up_medium) + MDH2(down_medium) + HXT2(up_medium) + LSC2(up_medium) + GUT2(up_medium) + HXT1(down_strong) + HXK1(up_medium) + HXT4(up_medium) + HXT3(down_medium)"," microarray","expression"
"glucose","ICL1(down) + ACS1(down) + SFC1(down) + CIT2(down_weak) + MLS1(down) + MDH2(down) + ACO2(up_strong) + MDH3(down_strong) + YAT1(down) + ADH1(up) + MDH1(down) + PDC1(up) + ADH2(down) + ACH1(down) + CAT2(down)"," northern_blot","expression"
"ethanol","ICL1(up_strong)"," prot-act","expression"
"glutamate + glucose","IDH1(down_medium) + IDH2(down_medium)"," northern_blot ,  western_blot","expression"
"XBP1","IDH1"," ChIP-chip","tfbinding"
"CBF1","IDH1 + IDP2 + PFK27 + LPD1 + SFC1 + TDH2 + ACS1"," ChIP-chip","tfbinding"
"CBF1","IDH1 + IDP2 + LPD1 + TDH2"," ChIP-chip","tfbinding"
"raffinose + RTG2(ko) + dys_mit","IDH1(down_strong) + IDH2(down_strong) + ACO1(down_strong) + CIT1(down_strong) + CIT2(down_strong)"," northern_blot","expression"
"ROX1","IDH1 + YJL045W + GID8 + HAP4 + PEX11 + TDH1"," ChIP-chip","tfbinding"
"H2O2","IDH1(up_medium) + HXT6(down_medium) + MDH2(down_medium) + MDH1(up_medium) + SPS19(up_medium) + HXK1(up_medium) + TDH1(up_medium) + GUT2(up_medium) + IDH2(up_medium) + GLK1(up_strong) + HXT3(down_medium) + HXT2(down_strong) + MAE1(down_strong) + HXT7(down_medium) + HXT4(down_medium) + HXT1(down_medium) + CTA1(up_medium)"," microarray","expression"
"MOT3","IDH2"," ChIP-chip","tfbinding"
"glucose","IDH2(down_strong) + IDH1(down_strong)"," western_blot ,  northern_blot","expression"
"RTG3","IDH2 + ACO1 + CIT3 + CIT1 + IDH1"," ChIP-chip","tfbinding"
"nfcs","IDH2(up_strong) + IDH1(up_strong)"," northern_blot ,  western_blot","expression"
"MET32","IDP2 + CTA1 + FAA2 + HAP2"," ChIP-chip","tfbinding"
"HAL9","IDP2"," ChIP-chip","tfbinding"
"nfcs + CAT8","IDP2(up) + MLS1(up) + ACS1(up) + SFC1(up) + PCK1(up) + ICL1(up) + JEN1(up) + FBP1(up) + SIP4(up)"," author-statement","expression"
"AZF1","IDP2"," ChIP-chip","tfbinding"
"GSM1","IDP2 + PCK1 + HAP4 + FBP1"," review","tfbinding"
"HAP3","IDP3"," ChIP-chip","tfbinding"
"YAP5","IDP3"," ChIP-chip","tfbinding"
"PIP2(ko) + oleic_acid","IDP3(down_medium) + PXA2(down_weak) + POT1(down_weak) + STL1(up_weak) + FAA2(down_strong) + MDH3(down_weak) + POX1(down_strong) + DCI1(down_medium) + FOX2(down_strong) + PEX11(down_weak) + ANT1(down_weak) + PIP2(down_medium) + CTA1(down_medium) + SPS19(down_medium) + TES1(down_medium) + ECI1(down_medium) + CRC1(down_weak)"," microarray","expression"
"antimycin","IDP3(up_medium) + POX1(up_strong) + PCK1(up_strong) + CTA1(up_strong) + FOX2(up_medium)"," microarray","expression"
"lactate + CAT8(ko)","JEN1(down_weak)"," northern_blot","expression"
"HAP2/3/4/5","JEN1"," emsa","tfbinding"
"ethanol + CAT8(ko)","JEN1(down_strong)"," lacZ","expression"
"lactate + CAT8(ko) + HAP2(ko)","JEN1(down_medium)"," northern_blot","expression"
"SNF1(ko) + lactate","JEN1(down_strong)"," northern_blot","expression"
"GCN4(ko) + aa_starvation","JEN1(down) + CIT3(up) + IDH1(up) + PIP2(down) + CRC1(down) + ACO2(down) + CIT1(down) + IDP1(down) + ICL1(down) + CIT2(down) + ACO1(up)"," microarray","expression"
"glucose","JEN1(down_strong)"," lacZ ,  northern_blot","expression"
"ethanol","JEN1(up_medium)"," lacZ ,  northern_blot","expression"
"lactate + HAP3(ko)","JEN1(down_medium)"," northern_blot","expression"
"HAP2(ko) + ethanol","JEN1(down_medium)"," lacZ","expression"
"BAS1","JEN1 + CAT2 + IDP3"," ChIP-chip","tfbinding"
"ethanol + SNF1(ko)","JEN1(down_strong)"," northern_blot","expression"
"HAP2(ko) + lactate","JEN1(down_weak)"," northern_blot","expression"
"lactate","JEN1(up_strong)"," lacZ ,  northern_blot","expression"
"CAT8 + nfcs","JEN1(up_strong)"," Expression evidence","expression"
"nfcs + CAT8","JEN1 + IDP2"," binding","tfbinding"
"lactate + glucose","JEN1(down_strong)"," northern_blot","expression"
"BAS1","JEN1"," ChIP-chip","tfbinding"
"glucose + RPN4(ko)","JEN1(up_medium) + ALD6(up_medium) + NRG1(down_medium) + CYB2(up_medium) + PDC6(up_medium) + STL1(down_medium) + MAE1(down_medium)"," microarray","expression"
"MIG2 + MIG1","JEN1(down)"," author-statement","expression"
"MIG2 + glucose + MIG1","JEN1(down_strong)"," Expression evidence","expression"
"glucose","JEN1(down_strong) + FBP1(down_strong) + SFC1(down_strong) + POT1(down_strong) + ICL1(down_strong) + CTA1(down_strong) + CIT3(down_strong) + PCK1(down_strong) + ICL2(down_strong) + GUT1(down_strong) + IDP3(down_strong) + REG2(down_strong) + ACS1(down_strong) + YAT1(down_strong) + POX1(down_strong) + IDP2(down_strong) + YAT2(down_strong)"," microarray","expression"
"anaerob","JEN1(down_strong)"," northern_blot","expression"
"HAP2/3/4/5(ko) + galactose","KGD1(down_strong)"," lacZ","expression"
"glucose","KGD1(down_strong)"," northern_blot ,  lacZ","expression"
"HAP2/3/4/5","KGD1"," consensus","tfbinding"
"dys_mit + raffinose","KGD1(down) + CIT2(up) + MDH1(down) + FUM1(down) + SDH1(down)"," northern_blot","expression"
"galactose","KGD1(up_strong)"," northern_blot ,  lacZ","expression"
"AFT1","KGD1 + DLD1 + MLS1 + HAP2 + CAT8"," ChIP-chip","tfbinding"
"MCM1","KGD2"," ChIP-chip","tfbinding"
"glucose","KGD2(down_strong)"," northern_blot","expression"
"galactose","KGD2(up_strong)"," northern_blot","expression"
"HAP2/3/4/5","KGD2 + CYT1 + QCR8 + CYC1 + CIT1 + SDH2"," review","tfbinding"
"HAP4","KGD2 + IDP3 + SDH1"," ChIP-chip","tfbinding"
"glycerol + glucose + lactate","KGD2(down_strong) + CIT1(down_medium) + IDP2(down_strong) + ACO1(down_strong) + FUM1(down_strong) + GUT2(down_strong) + MDH1(down_strong) + GUT1(down_strong) + KGD1(down_strong) + IDP1(down_medium) + PDC1(up_medium) + SDH4(down_strong) + YJL045W(down_medium) + SDH2(down_strong) + LSC1(down_strong) + LPD1(down_weak) + SDH1(down_strong) + CIT3(down_weak) + SDH3(down_strong) + CYB2(down_strong) + LSC2(down_strong) + IDH2(down_strong) + JEN1(down_strong) + ACO2(up_weak)"," microarray","expression"
"galactose + HAP2/3/4/5(ko)","KGD2(down_strong)"," consensus ,  lacZ","expression"
"GCN4(ko) + aa_starvation","LPD1(down_weak)"," northern_blot ,  prot","expression"
"aa_starvation","LPD1(up_weak)"," prot ,  northern_blot","expression"
"GCN4 + aa_starvation","LPD1"," emsa ,  consensus ,  site-mutation","tfbinding"
"HAP2/3/4/5(ko) + nfcs","LPD1(down_strong)"," lacZ ,  prot-act","expression"
"nfcs + HAP2/3/4/5","LPD1"," site-mutation ,  consensus","tfbinding"
"glucose","LSC1(down_strong) + LSC2(down_strong)"," Expression evidence","expression"
"oleic_acid + ADR1(ko)","LSC1(down_weak) + FAA2(down_strong) + IDP3(down_strong) + PIP2(down_weak) + ANT1(down_weak) + ECI1(down_strong) + CIT3(down_medium) + TES1(down_strong) + CTA1(down_strong) + POX1(down_strong) + ADH2(down_weak) + PEX11(down_medium) + DCI1(down_strong) + PXA1(down_strong) + PXA2(down_medium) + MDH3(down_weak) + ADR1(down_strong) + GUT2(down_weak) + POT1(down_medium) + SPS19(down_strong) + FOX2(down_strong)"," microarray","expression"
"nfcs","LSC2(up_medium) + LSC1(up_medium)"," Expression evidence","expression"
"ARO80","LSC2"," ChIP-chip","tfbinding"
"acrolein + YAP1(ko)","MAE1(up_medium) + CTA1(down_strong)"," microarray","expression"
"glucose(low) + aa_starvation + GCN4(ko)","MAE1(down_medium) + RDS2(up_weak) + ACO2(down_medium) + REG2(up_medium)"," microarray","expression"
"acrolein","MAE1(up_medium)"," microarray","expression"
"selenite","MAE1(down_medium) + PCK1(up_medium) + FAA2(up_medium) + IDP2(up_medium) + GSM1(up_medium) + POX1(up_medium) + HXT1(down_medium) + SIP4(up_medium) + TES1(up_medium) + HXT6(up_medium) + ACO2(down_medium) + SDH3(down_medium) + ECI1(up_medium) + FAA4(up_medium) + ADR1(up_medium) + CYB2(up_strong) + ADH2(down_medium) + MLS1(down_medium) + REG2(up_medium) + GUT2(up_medium) + PXA2(up_strong) + DLD1(down_medium) + DAL7(up_medium) + CIT2(up_medium) + CTA1(up_strong) + FBP1(up_medium) + PXA1(up_medium) + CIT3(up_medium) + HXK1(up_strong) + FOX2(up_medium) + ACO1(down_strong) + HXT7(up_medium) + SPS19(up_medium) + HXT5(up_medium) + PYC1(up_medium) + JEN1(up_medium) + HXT2(down_medium) + GLK1(up_medium) + HXT4(down_medium) + CAT2(up_medium)"," microarray","expression"
"NEM","MAE1(up_medium) + CTA1(down_medium)"," microarray","expression"
"anaerob + glucose","MAE1(up_medium)"," lacZ","expression"
"ABF1 + glucose","MAE1 + ACS1"," ChIP-chip ,  consensus","tfbinding"
"glucose","MDH1(down_medium) + MDH2(down_strong) + MDH3(down_strong)"," prot-act ,  western_blot","expression"
"acetate","MDH1(up_medium) + MDH2(up_strong) + MDH3(up_strong)"," western_blot ,  prot-act","expression"
"FBP1(ko) + ethanol","MDH1(up_medium) + PCK1(up_medium) + CAT2(up_medium) + MDH2(up_medium) + ICL1(up_medium)"," prot-act","expression"
"lactate + glycerol","MDH1(up_strong)"," northern_blot ,  western_blot","expression"
"glucose","MDH1(down_strong)"," western_blot ,  northern_blot","expression"
"ACE2","MDH1"," ChIP-chip","tfbinding"
"YAP1(ko) + arsenic","MDH1(down_medium) + MAE1(up_medium) + HXT2(up_medium) + FBA1(down_medium)"," microarray","expression"
"glucose(low) + ethanol","MDH1(up_medium) + MDH2(up_strong) + MDH3(up_medium)"," lacZ","expression"
"high_pH","MDH1(up_medium) + CIT2(up_strong) + HXT7(up_strong) + ALD4(up_medium) + HXK1(up_strong) + ALD6(up_medium)"," northern_blot","expression"
"MSN4","MDH1 + TDH3"," ChIP-chip","tfbinding"
"heat_shock","MDH1(up_weak) + CTT1(up_strong) + TES1(up) + HXK1(up_strong) + PGM2(up_strong) + GLK1(up_medium)"," 2d-gel","expression"
"HAP2/3/4/5","MDH1 + ACO1"," review","tfbinding"
"nitrogen(low)","MDH2(up_medium) + YMR086W(up_medium) + AGP1(up_strong) + APE2(up_strong) + GUT2(down_weak) + GLK1(up_weak) + APE3(up_strong) + ICL1(up_strong) + FPS1(up_strong) + YHR033W(up_strong) + UGA1(up_medium) + PLB2(down_medium) + SUR1(up_strong) + UGA2(up_strong) + HXK1(up_medium) + DSE2(up_weak) + DCS2(up_medium)"," lacZ","expression"
"HAP4(ko) + glucose(low) + ethanol","MDH2(up_weak) + MDH1(down_strong) + MDH3(up_medium)"," lacZ","expression"
"glucose + SIP4(oe)","MDH2(up_weak)"," Expression evidence","expression"
"STP1","MDH2"," ChIP-chip","tfbinding"
"glucose(low) + oleic_acid + CAT8(ko) + SIP4(ko)","MDH2(down_strong)"," lacZ","expression"
"glucose + CAT8(oe)","MDH2(up_strong)"," Expression evidence","expression"
"glucose(low) + CAT8(ko) + ADR1(ko)","MDH2(down_strong) + MLS1(down_strong) + FBP1(down_strong) + ADY2(down_strong) + ADH2(down_strong) + ACS1(down_strong) + ALD4(down_medium) + POT1(up_weak) + FDH1(down_strong) + CTA1(up_weak) + POX1(down_strong) + FOX2(down_strong) + ATO3(down_strong) + ICL1(down_strong) + JEN1(down_strong) + CYB2(down_weak) + SPG1(up_weak) + SPS19(down_medium)"," kPCR","expression"
"glucose(low) + CAT8(ko) + ethanol","MDH2(down_strong) + MDH3(down_weak) + MDH1(down_weak)"," lacZ","expression"
"glucose + HAP4(oe)","MDH2(up_medium) + HXT4(down_medium) + TDH1(down_medium) + SDH3(up_medium) + SDH2(up_medium) + HXK1(down_strong) + MDH3(up_medium) + KGD2(up_medium) + SDH4(up_medium) + MDH1(up_medium) + SDH1(up_medium)"," microarray","expression"
"MIG1","MDH2 + JEN1 + ICL1 + HXT3 + CRC1 + HXK1 + LSC2 + GUT1 + HXT1 + GUT2 + CAT8 + ADR1 + HXT4 + REG2 + HXT2"," consensus","tfbinding"
"glucose(low)","MDH2(up_strong) + GUT2(up_strong) + ICL1(up_strong) + GLK1(up_strong)"," northern_blot","expression"
"DAL81","MDH2 + SIP4"," ChIP-chip","tfbinding"
"CRZ1 + calcium","MDH2 + ALD4 + MDH1 + CIT1 + HXK2"," emsa","tfbinding"
"STP1","MDH2"," ChIP-chip","tfbinding"
"glucose(low) + MSN2(ko) + MSN4(ko)","MDH2(down_medium) + PYK2(down_strong) + HXK1(down_strong) + GLK1(down_medium) + GUT2(down_medium)"," lacZ","expression"
"CAT8","MDH2"," emsa ,  consensus","tfbinding"
"ethanol + SIP4(ko) + CAT8(ko) + glucose(low)","MDH2(down_strong)"," lacZ","expression"
"SIP4","MDH2 + SFC1 + ICL1 + PCK1 + MLS1"," ChIP-chip","tfbinding"
"SIP4","MDH2"," emsa ,  consensus","tfbinding"
"RDS1","MDH2"," ChIP-chip","tfbinding"
"glucose","MDH2(down_strong) + MDH1(down_medium) + MDH3(down_strong)"," lacZ","expression"
"MIG1","MDH3 + SFC1 + GUT2"," ChIP-chip","tfbinding"
"glycerol","MDH3(up_strong) + MDH1(up_medium) + MDH2(up_strong)"," western_blot ,  prot-act","expression"
"oleic_acid + glucose(low)","MDH3(up_strong) + MDH2(up_strong) + MDH1(up_medium)"," lacZ","expression"
"ethanol + glucose(low) + PIP2(ko)","MDH3(down_medium)"," lacZ","expression"
"CAT8(ko) + oleic_acid + glucose(low)","MDH3(down_medium)"," lacZ","expression"
"PIP2(ko) + oleic_acid + glucose(low)","MDH3(down_strong)"," lacZ","expression"
"SNF1(ko) + ethanol","MIG1(down_strong)"," northern_blot","expression"
"glycerol(high) + glucose(low)","MIG1(down_strong)"," northern_blot","expression"
"glucose + glycerol(high)","MIG1(down_strong)"," northern_blot","expression"
"glucose(high)","MIG1(down_strong)"," northern_blot","expression"
"oleic_acid + ADR1","MIG1 + SDH4 + ACO1 + FBP1 + CTA1 + HXT5 + HAP3 + CYB2 + PEX25 + PIP2 + HXT6 + HAP2"," ChIP-chip","tfbinding"
"glucose","MIG1(up)"," northern_blot","expression"
"ethanol","MIG1(down)"," northern_blot","expression"
"glycerol(high)","MIG1(up_strong)"," northern_blot","expression"
"glucose + SNF1(ko)","MIG1(down_strong)"," northern_blot","expression"
"glucose + PDR1(ko)","MIG2(down_weak) + PDC1(down_weak) + ENO1(down_weak)"," kPCR","expression"
"PDR1","MIG2"," consensus","tfbinding"
"glucose","MLS1(down_strong)"," northern_blot","expression"
"oleic_acid + OAF3(ko)","MLS1(up_medium) + HXT7(down_medium) + CAT2(up_medium) + ICL1(up_medium) + MDH2(up_medium)"," microarray","expression"
"sugar(low) + nfcs + CAT8(ko)","MLS1(down_strong)"," lacZ ,  site-mutation","expression"
"anaerob","MLS1(down_strong) + STL1(down_strong) + CYB2(down_strong)"," microarray","expression"
"sugar(low)","MLS1(up_strong)"," lacZ","expression"
"ABF1","MLS1"," binding","tfbinding"
"sugar(low) + nfcs + CAT8","MLS1 + ICL1"," binding ,  consensus","tfbinding"
"nfcs","MLS1(up_strong)"," northern_blot","expression"
"SIP4","MLS1 + SFC1 + PCK1 + FBP1 + MDH2 + ICL1"," review","tfbinding"
"RTG1(ko) + oleic_acid + RTG2(ko)","MLS1(down_strong) + CIT2(down_strong) + CTA1(down_strong) + MDH3(down_strong) + POX1(down_strong) + PEX11(down_strong) + ICL1(down_strong)"," northern_blot","expression"
"glucose(low) + CAT8","MLS1 + ADY2 + FBP1"," ChIP","tfbinding"
"MIG1 + glucose","MLS1 + SNF3 + HXT4 + MIG1 + HAP4 + HXT2 + ICL1 + HXT3 + HXK1 + PDC1 + FBP1 + CAT8 + GLK1 + PCK1"," review","tfbinding"
"oleic_acid + OAF3","OAF1 + RDS2 + FOX2 + ACO1 + SFC1 + FAA1 + HXT5 + FBP1 + FAA2 + RSF1 + HXT6 + YJL045W + SPS19 + POT1 + GLK1 + PXA2"," ChIP-chip","tfbinding"
"ERT1(ko) + ethanol","PCK1(down_weak)"," review","expression"
"ethanol + SNF4(ko)","PCK1(down_strong)"," lacZ","expression"
"glucose","PCK1(down_strong)"," lacZ","expression"
"glucose","PCK1(down_strong) + FBP1(down_strong)"," northern_blot","expression"
"arsenic + CAD1(ko)","PCK1(down_medium) + CYB2(down_medium) + HXT2(down_medium)"," microarray","expression"
"ethanol","PCK1(up_strong) + ICL1(up_strong) + FBP1(up_strong)"," prot-act","expression"
"MIG1","PCK1 + FBP1"," consensus","tfbinding"
"ethanol","PCK1(up_strong)"," mRNA","expression"
"HAP2/3/4/5","PCK1 + FBP1"," consensus","tfbinding"
"RSF2(ko) + glycerol","PCK1(down_medium) + CIT3(down_medium) + PFK27(up_weak) + FBP1(down_weak) + ACH1(down_strong) + SFC1(down_medium) + HAP4(down_medium) + HXT1(up_weak) + SDH3(down_weak)"," microarray","expression"
"ethanol","PCK1(up_strong)"," lacZ","expression"
"ethanol","PCK1(up_strong) + FBP1(up_strong)"," lacZ","expression"
"MCM1","PCK1 + KGD2"," ChIP-chip","tfbinding"
"ethanol + CAT8","PCK1(up) + FBP1(up) + MLS1(up) + SFC1(up) + ICL1(up)"," site-mutation","expression"
"RSF1(ko) + glycerol","PCK1(down_medium) + SFC1(down_medium) + FBP1(down_medium) + PFK27(up_strong) + ACH1(down_strong) + HXT1(up_medium) + HXT2(up_weak)"," microarray","expression"
"glucose","PCK1(down_strong) + ICL1(down_strong) + FBP1(down_strong)"," prot-act","expression"
"ethanol + ERT1","PCK1"," review","tfbinding"
"CAT8(ko) + ethanol","PCK1(down_strong)"," lacZ","expression"
"ethanol + SNF1(ko)","PCK1(down_strong)"," lacZ","expression"
"CAT5(ko) + ethanol","PCK1(down_strong)"," lacZ","expression"
"RAP1","PDC1 + PDC5"," emsa ,  footprinting","tfbinding"
"sugar","PDC1(up_strong) + PFK27(up) + CDC19(up_medium) + PFK1(up_medium) + PFK26(down)"," review","expression"
"ethanol + PDC1(ko)","PDC1(up_strong) + PDC5(up_strong)"," lacZ","expression"
"GCR1(ko) + glucose","PDC1(down_medium)"," northern_blot ,  lacZ ,  prot-act","expression"
"glucose + PDC2(ko)","PDC1(down_strong) + PDC5(down_strong)"," Expression evidence ,  prot-act","expression"
"RAP1","PDC1 + PFK27 + SIP4 + HXT5"," ChIP-chip","tfbinding"
"glucose","PDC1(up_strong) + PDC5(down_strong)"," northern_blot","expression"
"glucose","PDC1(up_strong)"," lacZ ,  prot-act ,  northern_blot","expression"
"ethanol","PDC1(down_strong)"," northern_blot ,  lacZ ,  prot-act","expression"
"thiamine(low)","PDC1(up) + PDC5(up)"," 2d-gel","expression"
"MIG1","PDC1 + HAP4 + FBP1"," emsa ,  footprinting","tfbinding"
"PDC1(ko) + glucose","PDC5(up_strong)"," northern_blot","expression"
"thiamine","PDC5(down_strong)"," lacZ ,  2d-gel","expression"
"H2O2","PDC5(down) + HXT3(down) + PYC1(up) + HXT7(up) + CIT1(up) + HXT1(down) + MDH2(down) + RSF1(up) + KGD2(up) + IDH2(up) + HAP5(up) + LSC2(up) + GUT2(up) + DLD1(up)"," microarray","expression"
"ethanol","PDC5(down_strong)"," northern_blot","expression"
"PDC1(ko) + thiamine(low)","PDC5(up_strong)"," 2d-gel","expression"
"rapamycin + GCN2(ko) + GLN3(ko)","PDC6(down_medium) + ACS1(down_medium) + CAT2(down_medium) + CIT2(up_medium) + FBP1(down_medium) + ICL1(down_medium) + CTA1(down_medium) + SIP4(down_medium) + MLS1(down_medium) + YAT2(down_strong) + YAT1(down_medium) + CRC1(down_strong) + DAL7(down_medium) + CIT3(down_medium)"," microarray","expression"
"sulfur(low)","PDC6(up_strong)"," microarray","expression"
"ethanol","PDC6(up_weak)"," northern_blot","expression"
"anaerob","PEX1(up) + CTA1(down_strong) + POX1(down_strong)"," Expression evidence","expression"
"ADR1(ko) + ethanol","PEX1(down_strong) + FOX2(down_strong) + CTA1(down_strong) + POT1(down_strong)"," northern_blot","expression"
"dys_mit","PEX1(down)"," Expression evidence","expression"
"RTG2(ko) + oleic_acid","PEX11(down_medium) + MLS1(up_medium) + MDH3(down_weak) + CIT2(down_medium) + POX1(down_medium) + CTA1(down_medium) + ICL1(up_medium)"," northern_blot","expression"
"oleic_acid + ADR1","PEX11 + CRC1 + PIP2 + PXA1 + POT1 + POX1 + ECI1 + PEX5 + CTA1"," ChIP","tfbinding"
"glucose(low) + OAF3","PEX11 + HXT5"," ChIP-chip","tfbinding"
"dys_mit","PEX11(up_medium) + SDH2(down_weak) + ACS1(up_medium) + JEN1(up_medium) + ADH2(up_medium) + PYC1(up_medium) + SDH1(down_medium) + MDH1(down_medium) + HAP4(down_medium) + DLD1(up_medium) + SPS19(up_medium) + CIT3(up_strong) + CIT2(up_strong) + PXA1(up_medium) + CRC1(up_medium)"," microarray","expression"
"ethanol","PEX11(up_weak) + CTA1(up_medium) + POT1(up_weak) + POX1(up_weak)"," western_blot ,  northern_blot","expression"
"oleic_acid + OAF1/PIP2(ko)","PEX11(down_strong) + POT1(down_strong) + POX1(down_strong) + CTA1(down_strong)"," northern_blot ,  western_blot","expression"
"oleic_acid + OAF1/PIP2(ko)","PEX25(down_medium)"," lacZ ,  northern_blot","expression"
"STB5(ko) + ox_stress","PEX25(down_strong) + ALD4(down_strong) + PXA1(up_strong) + IDP2(down_strong) + ALD6(down_strong) + PGI1(up_strong) + MIG2(down_strong)"," microarray","expression"
"OAF1(ko) + oleic_acid","PEX25(down_weak) + PXA1(down_weak) + POT1(down_weak) + ICL1(up_medium) + OAF1(down_strong) + MLS1(up_medium) + CTA1(down_strong) + FAA2(down_strong) + YAT1(up_weak) + SPS19(down_strong) + MDH2(up_weak) + ADH2(up_weak) + DCI1(down_medium) + CIT3(up_weak) + CIT2(up_medium) + FOX2(down_strong) + IDP3(down_medium) + PIP2(down_medium) + STL1(up_weak) + FAA1(up_weak) + PCK1(up_weak) + TES1(down_strong) + ECI1(down_strong) + ACO2(down_medium) + POX1(down_strong) + PXA2(down_medium) + YAT2(up_weak) + HXT5(up_weak) + YJL045W(up_medium)"," microarray","expression"
"oleic_acid","PEX25(up_medium)"," northern_blot ,  lacZ","expression"
"OAF1/PIP2","PEX25 + PEX5"," lacZ ,  emsa ,  consensus","tfbinding"
"oleic_acid","PEX5(up_strong) + CAT2(up_strong) + FAA2(up_medium) + CIT1(up_strong) + PXA2(up_strong) + MDH3(up_strong) + IDP3(up_strong) + PXA1(up_strong) + IZH2(down_strong) + QDR1(up_strong) + PIP2(up_strong) + FOX2(up_strong) + CIT2(up_strong) + POX1(up_strong) + SPS19(up_strong) + CRC1(up_strong) + PEX11(up_strong) + YJL218W(up_strong) + IFA38(up_strong) + POT1(up_strong) + CTA1(up_strong) + EEB1(up_strong) + TES1(up_strong)"," northern_blot","expression"
"PHO4","PFK27 + RDS2"," ChIP-chip","tfbinding"
"ethanol + RDS2","PFK27 + YAT1 + PDC1 + CIT1 + OPI1 + SFC1 + MAE1 + VID24 + MLS1 + SDH4 + PCK1 + IDP2 + GID8 + ACS2 + KGD2 + FBP1 + LSC2 + HAP4 + SIP4"," ChIP-chip","tfbinding"
"glucose","PFK27(up_strong)"," Expression evidence","expression"
"UME6","PGI1 + CTA1 + SFC1 + GSM1 + FOX2 + CRC1 + CAT2 + CAT8 + SIP4 + YJL045W + ACS1"," ChIP-chip","tfbinding"
"STB5 + ethanal","PGI1(up_weak)"," northern_blot","expression"
"ethanal","PGI1(down_weak)"," northern_blot","expression"
"GCR2","PGI1 + TDH3 + GPM1 + TDH2 + FBA1"," ChIP-chip","tfbinding"
"glycerol + lactate + GCR1(ko)","PGI1(down_strong) + TPI1(down_strong) + GPM1(down_strong) + PGK1(down_medium) + FBA1(down_strong)"," prot-act","expression"
"UPC2","PGK1 + CIT2"," ChIP-chip","tfbinding"
"RPN4","PGK1 + CIT2"," ChIP-chip","tfbinding"
"glycerol + lactate + GCR1(ko)","PGK1(down_medium) + PGI1(down_medium) + ENO2(down_strong) + TDH3(down_strong) + TDH1(down_strong) + GPM1(down_strong) + TPI1(down_strong) + ENO1(down_strong) + FBA1(down_medium) + CDC19(down_strong) + GCR1(down_medium) + TDH2(down_strong)"," microarray","expression"
"NaCl + SKN7","PGK1 + HXT6 + HAP4 + PCK1 + TDH3 + CIT1 + POX1 + MDH2 + GID8 + HXK1 + SDH1 + ACO1 + STL1 + PFK27"," ChIP-chip","tfbinding"
"glucose","PGK1(up_strong)"," author-statement","expression"
"nfcs","PGK1(down_strong)"," northern_blot","expression"
"HSF1","PGK1 + CYB2 + SDH3 + TYE7"," consensus","tfbinding"
"REB1 + RAP1 + ABF1","PGK1(up_strong)"," northern_blot","expression"
"RAP1 + GCR1 + ABF1","PGK1"," footprinting","tfbinding"
"RAP1","PGK1"," emsa ,  consensus","tfbinding"
"RAP1 + glucose","PGK1(up_strong)"," northern_blot","expression"
"lactate","PGK1(down_weak) + LPD1(up_medium) + PGM1(down_medium) + ADH1(down_weak) + PDC1(down_weak) + FBA1(down_weak) + ENO1(down_medium) + CDC19(down_medium) + PFK1(down_weak) + ENO2(down_medium) + PFK2(down_medium) + TPI1(down_weak)"," lacZ ,  northern_blot","expression"
"glucose + RAP1(ko)","PGK1(down_strong)"," northern_blot","expression"
"heat_shock + glucose","PGK1(up_strong)"," northern_blot","expression"
"GCR1 + RAP1","PGK1(up)"," mRNA","expression"
"ABF1 + CBF1 + RAP1 + REB1","PGK1"," binding","tfbinding"
"HSF1","PGK1 + TYE7 + ENO2"," ChIP-chip","tfbinding"
"oleic_acid","PGK1(down_weak) + ENO2(down_medium) + TDH2(down_weak) + DCI1(up_strong) + HXT2(down_medium) + HXT5(down_weak) + TDH3(down_medium) + FAA4(down_medium) + CRC1(up_weak) + PEX11(up_medium) + SPS19(up_strong) + TPI1(down_weak) + FAA2(up_strong) + PEX25(up_weak) + FOX2(up_strong) + PDC5(down_medium) + ENO1(down_medium) + TES1(up_strong) + MDH3(up_weak) + FBA1(down_weak) + POT1(up_weak) + YJL045W(down_medium) + CAT2(up_weak) + PDC1(down_medium) + TDH1(down_medium) + ECI1(up_strong) + YAT1(down_weak) + PXA2(up_medium) + CTA1(up_strong) + IDP3(up_medium) + POX1(up_strong) + PIP2(up_medium)"," microarray","expression"
"glucose + GCR1(ko)","PGK1(down_medium) + TPI1(down_strong) + PGI1(down_strong) + GPM1(down_strong) + ZWF1(up_weak) + FBA1(down_strong)"," prot-act","expression"
"glycerol + lactate + GCR1(ko)","PGK1(down_strong)"," kPCR","expression"
"selenite + RPN4(ko)","PGK1(up_medium) + HXT3(up_medium) + PYC1(down_medium) + GLK1(up_medium) + HXK1(up_strong) + SDH3(up_medium) + MDH2(up_medium) + LSC2(up_medium) + HXT1(down_medium) + CIT1(up_medium) + HXT7(up_medium) + LSC1(up_medium)"," microarray","expression"
"TYE7(ko) + glucose","PGM1(down_medium) + ENO1(down_medium) + ENO2(down_medium)"," northern_blot ,  western_blot","expression"
"oleic_acid + ADR1(ko)","PIP2(down_weak)"," northern_blot ,  western_blot ,  lacZ","expression"
"OAF1/PIP2(ko) + oleic_acid","PIP2(down_strong)"," lacZ ,  northern_blot ,  western_blot","expression"
"OAF1/PIP2","PIP2"," consensus ,  emsa","tfbinding"
"ADR1","PIP2"," emsa ,  consensus","tfbinding"
"nitrogen(low) + CO2(high)","POT1(down_strong) + SPS19(down_medium) + HXT1(down_medium)"," microarray","expression"
"glucose","POT1(down_strong) + CTA1(down_strong) + POX1(down_strong) + PEX11(down_strong)"," northern_blot ,  western_blot","expression"
"STB5","POT1"," ChIP-chip","tfbinding"
"PIP2 + OAF1","POT1 + FOX2 + POX1 + SPS19 + MDH3"," review","tfbinding"
"ADR1 + glycerol","POT1 + CRC1 + CTA1 + POX1 + PXA1"," ChIP","tfbinding"
"glucose","POT1(down_strong)"," mRNA","expression"
"OAF1/PIP2 + ADR1","POX1 + CTA1 + SPS19 + PEX11 + POT1"," consensus ,  emsa","tfbinding"
"ADR1","POX1 + CTA1 + PEX11 + POT1 + SPS19 + FOX2"," review","tfbinding"
"ADR1 + oleic_acid","POX1(up) + DCI1(up) + PIP2(up) + CTA1(up) + PXA1(up) + POT1(up) + FOX2(up) + IDP3(up) + PEX11(up) + SPS19(up)"," review","expression"
"heme","POX1(down_strong) + CTA1(down_strong) + PEX1(down_strong)"," Expression evidence","expression"
"RTG1(ko) + oleic_acid","POX1(down_weak) + MLS1(down_strong) + PEX11(down_weak) + MDH3(down_medium) + ICL1(down_medium) + CIT2(down_strong) + CTA1(down_weak)"," northern_blot","expression"
"glucose","PXA1(down_strong) + CAT2(down_strong) + FAA2(down_medium) + CIT1(down_strong) + EEB1(down_strong) + PEX11(down_strong) + IZH2(up_strong) + QDR1(down_strong) + IDP3(down_strong) + FOX2(down_strong) + PIP2(down_strong) + IFA38(down_medium) + PEX5(down_strong) + PXA2(down_strong) + SPS19(down_strong) + POT1(down_strong) + CTA1(down_strong) + YJL218W(down_strong) + CRC1(down_strong) + TES1(down_strong) + POX1(down_strong) + CIT2(down_strong) + MDH3(down_strong)"," northern_blot","expression"
"ADR1","PXA1"," ChIP-chip","tfbinding"
"sporulation + ABF1","PXA2 + HXK1 + ENO1 + MAE1 + YAT2 + PDC6 + CIT1 + PYC1 + PDC1 + PEX25 + CIT3"," ChIP-chip","tfbinding"
"STE12","PYC1 + PDC5"," ChIP-chip","tfbinding"
"dys_mit","PYC1(up_medium) + CIT3(up_strong) + DLD1(up_medium) + CRC1(up_medium) + MDH1(down_medium) + PEX11(up_medium) + ACS1(up_medium) + SDH2(down_weak) + SPS19(up_medium) + JEN1(up_medium) + SDH1(down_medium) + ADH2(up_medium) + CIT2(up_strong) + HAP4(down_medium) + PXA1(up_medium)"," microarray","expression"
"CO2(high) + glucose(low)","PYC1(up_medium) + PCK1(up_strong)"," microarray","expression"
"RTG1/3","PYC1"," site-mutation","tfbinding"
"STE12","PYC1 + FAA4 + GID8"," ChIP-chip","tfbinding"
"TEC1","PYC1 + GID8"," ChIP-chip","tfbinding"
"GCN4","PYC2 + PCK1 + IDH1 + GID8 + ACO2"," ChIP-chip","tfbinding"
"GCN2(ko) + aa_starvation","PYC2(down_medium) + ICL1(down_medium) + ACO2(down_medium) + YAT2(down_strong)"," microarray","expression"
"aa_starvation","PYC2(up_medium) + ICL1(up_strong) + CRC1(up_strong) + JEN1(up_medium) + ECI1(up_medium) + PXA2(up_medium) + CAT2(up_medium) + GID8(up_medium) + HXT4(down_medium) + DAL7(up_medium) + YAT2(up_strong) + PCK1(up_medium) + ADH2(up_medium) + SIP4(up_strong) + PIP2(up_medium) + ANT1(up_medium) + IDP2(up_medium) + HXT2(down_medium) + CTA1(up_medium) + ACO2(up_medium) + HAP4(up_medium) + MLS1(up_medium) + FBP1(up_medium)"," microarray","expression"
"NRG2(ko) + glucose + NRG1(ko)","PYK2(up_medium) + CRC1(up_medium) + HXK1(up_medium) + IDH2(up_medium) + CYB2(up_medium) + HXT6(up_medium)"," microarray","expression"
"Phosphorus source(low)","PYK2(up)"," microarray","expression"
"OAF1(ko) + oleic_acid","QDR1(down_strong) + FAA2(down_weak) + CRC1(down_medium) + PXA2(down_weak) + FOX2(down_strong) + PIP2(down_strong) + POX1(down_strong) + CTA1(down_medium) + PEX11(down_strong) + CIT1(down_medium) + IFA38(down_medium) + PEX5(down_medium) + YJL218W(down_strong) + SPS19(down_strong) + EEB1(down_strong) + MDH3(down_medium) + IDP3(down_medium) + POT1(down_strong) + CAT2(down_weak) + PXA1(down_weak) + TES1(down_strong)"," northern_blot","expression"
"gluc_depl","REG2(up_strong) + IDP3(up_strong) + CTA1(up_strong) + SFC1(up_strong) + POX1(up_strong) + FBP1(up_strong) + YAT1(up_strong) + ICL2(up_strong) + ICL1(up_strong) + CIT3(up_strong) + ACS1(up_strong) + GUT1(up_strong) + POT1(up_strong) + PCK1(up_strong) + IDP2(up_strong) + YAT2(up_strong) + JEN1(up_strong)"," microarray","expression"
"glucose(low) + HAP1(ko)","REG2(down_weak) + STL1(down_medium) + ROX1(down_weak) + PCK1(down_weak) + MLS1(down_medium) + DLD1(down_weak) + CYB2(down_medium)"," microarray","expression"
"ethanol + CAT8(ko)","REG2(down_medium) + IDP2(down_strong) + MDH2(down_medium) + JEN1(down_strong) + ICL1(down_strong) + DLD1(down_medium) + CRC1(down_strong) + PCK1(down_strong) + ALD6(down_strong) + SFC1(down_strong) + FBP1(down_strong) + STL1(down_medium) + YAT2(down_strong) + ACS1(down_strong) + DAL81(down_medium) + MLS1(down_strong) + CAT2(down_medium) + SIP4(down_strong) + ACH1(down_medium)"," microarray ,  northern_blot ,  proteomics","expression"
"HAP2/3/4/5","RPM2(up) + SDH1(up) + CYT1(up) + PTP1(up)"," lacZ","expression"
"glycerol","RSF1(up_medium)"," kPCR","expression"
"dys_mit + INO2/4(ko)","RTG3(down_medium)"," prot-act","expression"
"dys_mit","RTG3(up_medium)"," mRNA","expression"
"dys_mit","RTG3(up_medium)"," prot-act","expression"
"ethanol","SDH1(up_strong) + YJL045W(up_weak) + SDH2(up_strong) + CYB2(up_strong) + SDH3(up_medium) + SDH4(up_strong)"," microarray","expression"
"sorbitol","SDH1(up)"," northern_blot ,  western_blot ,  emsa ,  prot-act","expression"
"glucose","SDH1(down)"," western_blot ,  emsa ,  prot-act ,  northern_blot","expression"
"HAP2/3/4/5(ko) + glycerol","SDH1(down_strong) + SDH2(down_strong)"," northern_blot ,  lacZ","expression"
"REB1","SDH1 + CAT8"," ChIP-chip","tfbinding"
"glycerol","SDH2(up_strong) + SDH1(up_strong)"," northern_blot ,  lacZ","expression"
"HAP2/3/4/5","SDH2 + SDH1"," consensus","tfbinding"
"glycerol","SDH2(up_medium) + CYB2(up_strong) + SDH1(up_strong) + SDH3(up_weak)"," microarray","expression"
"glucose","SDH2(down_strong) + SDH3(down) + SDH4(down) + SDH1(down_strong)"," review","expression"
"glucose","SDH2(down_strong) + SDH1(down_strong)"," northern_blot ,  lacZ","expression"
"glucose","SDH3(down_medium) + SDH1(down_medium)"," lacZ","expression"
"RSF1(ko) + glycerol","SDH3(down_medium) + YJL045W(up_strong) + SDH1(down_weak)"," microarray","expression"
"galactose","SDH3(up_medium) + SDH1(up_medium)"," lacZ","expression"
"NO","SDH3(down_strong) + ACH1(down_medium) + SDH2(down_strong) + CYB2(down_strong) + ACO1(down_medium) + SDH4(down_strong) + SDH1(down_strong) + CTA1(down_strong)"," microarray","expression"
"HAP2/3/4/5(ko) + galactose","SDH3(down_strong) + SDH4(down_strong) + SDH1(down_strong)"," northern_blot ,  lacZ","expression"
"OTU1","SDH4"," ChIP-chip","tfbinding"
"HXK2(ko) + glucose + HAP4(oe)","SDH4(up_strong) + IDH1(up_medium) + HXT1(down_strong) + HXK2(down_strong) + SDH1(up_medium) + ACS1(up_strong) + MDH1(up_medium) + MDH2(up_strong) + CIT1(up_medium) + TDH1(down_medium) + IDP2(up_strong) + CAT2(up_strong) + CIT3(up_strong) + PFK1(down_medium) + ALD4(up_strong) + SDH2(up_strong) + HXK1(up_medium) + FBP1(up_strong) + PDC5(down_medium) + GLK1(up_medium) + HXT7(up_strong) + ADH2(up_strong) + MDH3(up_medium) + ENO1(down_strong) + MLS1(up_strong) + FUM1(up_strong) + HXT4(up_medium) + HXT5(up_strong) + SDH3(up_medium) + KGD2(up_medium) + PFK2(down_medium) + LSC2(up_medium) + HXT6(up_strong) + ICL1(up_strong) + PCK1(up_strong)"," microarray","expression"
"galactose + HAP2/3/4/5","SDH4(up) + SDH2(up_medium) + SDH3(up_medium) + SDH1(up_medium)"," review","expression"
"acetate","SFC1(up)"," Expression evidence","expression"
"CAT8 + gluc_depl","SFC1 + FBP1 + CAT2 + ACS1 + YAT2 + ADH2 + MDH2 + ICL1 + MLS1 + ALD6 + DLD1 + ACH1 + JEN1 + PCK1 + REG2 + IDP2"," ChIP-chip","tfbinding"
"CAT8","SFC1 + ICL1 + FBP1 + PCK1 + MDH2 + MLS1"," review","tfbinding"
"YAP6","SFC1 + GID8 + HXT4 + DCI1"," ChIP-chip","tfbinding"
"glucose","SFC1(down_strong)"," Expression evidence","expression"
"ethanol","SFC1(up)"," Expression evidence","expression"
"glucose(low)","SFC1(up_strong) + IDP2(up_strong) + HXT5(up_strong) + CTA1(up_strong) + HXT3(down_strong) + JEN1(up_strong) + YAT2(up_strong) + POT1(up_strong) + ADH2(up_strong) + FBP1(up_strong) + CIT3(up_strong) + HXT1(down_strong) + POX1(up_strong)"," microarray","expression"
"glucose","SFC1(down)"," Expression evidence","expression"
"acetate","SFC1(down) + ACH1(up) + ADH1(down) + CIT1(up_medium) + YAT1(up) + MDH2(up) + ACS1(up) + ACO2(down) + ADH2(up) + MLS1(up) + ACO1(up) + PDC1(down) + CAT2(up) + ACS2(down) + CIT2(up_medium) + ICL1(up)"," northern_blot","expression"
"CAT8(ko) + SIP4(oe) + ethanol + glycerol","SIP4(up_strong) + CSRE(up_strong)"," lacZ","expression"
"glucose(low) + glycerol + ethanol","SIP4(down_strong) + CAT8(down_strong) + FBP1(down_strong)"," lacZ","expression"
"ARG80","SIP4"," ChIP-chip","tfbinding"
"glucose","SIP4(down_strong) + GLK1(down_strong) + CAT8(down_strong)"," lacZ","expression"
"ARG81","SIP4"," ChIP-chip","tfbinding"
"ABF1 + acetate","SIP4 + TDH2"," ChIP-chip","tfbinding"
"lactate + glycerol","SIP4(up_strong) + SDH4(up_strong) + SDH1(up_strong) + HXK2(up_strong) + ACO1(up_strong)"," RT-PCR","expression"
"ethanol","SIP4(up_strong) + GLK1(up_strong) + CAT8(up_strong)"," lacZ","expression"
"HSF1(ko) + heat_shock","SIP4(down) + PGK1(down) + CYB2(down) + TYE7(down) + ENO2(down) + HXT5(down) + SDH3(down) + HXK1(down)"," microarray","expression"
"oleic_acid + OAF1/PIP2","SPS18 + SPS19(up_strong)"," consensus","tfbinding"
"MSS1","SPS19"," ChIP-chip","tfbinding"
"glucose","SPS19(down_strong) + POT1(down_strong)"," northern_blot ,  lacZ","expression"
"oleic_acid + OAF1/PIP2","SPS19"," consensus ,  binding","tfbinding"
"dys_mit","SPS19(up_medium) + JEN1(up_medium) + CIT3(up_strong) + ADH2(up_medium) + CRC1(up_medium) + DLD1(up_medium) + ACS1(up_medium) + PXA1(up_medium) + CIT2(up_strong) + PYC1(up_medium) + PEX11(up_medium)"," microarray","expression"
"oleic_acid","SPS19(up_strong) + POT1(up_strong) + CTA1(up_strong)"," northern_blot ,  lacZ ,  western_blot","expression"
"oleic_acid + ADR1(oe)","SPS19(up_strong)"," lacZ","expression"
"oleic_acid + OAF1/PIP2","SPS19"," binding","tfbinding"
"oleic_acid","SPS19(up_strong)"," lacZ","expression"
"OAF1/PIP2 + oleic_acid","SPS19(up_strong)"," site-mutation ,  lacZ","expression"
"ethanol","SPS19(up_medium) + POT1(up_weak)"," northern_blot ,  lacZ","expression"
"glycerol","SPS19(up_medium) + TES1(up_weak) + PEX5(up_medium) + IDP3(up_medium) + QDR1(up_medium) + PIP2(up_weak) + CTA1(up_medium) + FOX2(up_medium) + CRC1(up_medium) + CIT1(up_medium) + POT1(up_weak) + PXA2(up_medium) + PXA1(up_medium) + PEX11(up_medium) + YJL218W(up_medium) + FAA2(up_weak) + MDH3(up_medium) + CAT2(up_medium) + POX1(up_weak)"," northern_blot","expression"
"oleic_acid","SPS19(up_strong) + CTA1(up_strong) + PIP2(up_strong)"," northern_blot ,  lacZ","expression"
"OAF1/PIP2","SPS19"," binding ,  consensus ,  author-statement","tfbinding"
"glucose(low) + ADR1(ko)","SPS19(down_strong) + FDH1(down_strong) + FOX2(down_medium) + SPG1(down_medium) + CTA1(down_weak) + FBP1(down_weak) + ADY2(down_strong) + POX1(down_strong) + ALD4(down_medium) + ACS1(down_medium) + ADH2(down_strong) + MDH2(up_weak) + CYB2(down_medium) + MLS1(up_medium) + JEN1(down_weak) + ATO3(down_strong) + POT1(down_medium)"," kPCR","expression"
"ADR1","SPS19 + CTA1"," emsa ,  consensus","tfbinding"
"ADR1(ko) + oleic_acid","SPS19(down_strong)"," northern_blot ,  lacZ","expression"
"freeze_shock + glycerol","STL1(up_strong)"," western_blot","expression"
"osmotic_shock","STL1(up_strong)"," western_blot","expression"
"HOT1 + NaCl","STL1"," ChIP-chip","tfbinding"
"SKO1 + NaCl","STL1 + TDH2 + HXT1 + GID8 + HXK1 + ADH2 + FAA1 + HXT5 + HXT3 + MAE1 + HXT2 + PGK1 + ENO1 + PYC1 + CIT1 + HXT7 + IDH1 + PFK27 + HXT6"," ChIP-chip","tfbinding"
"glucose","STL1(down_strong)"," western_blot","expression"
"glucose + YAP1(ko)","STL1(down_medium) + HXT2(up_medium) + ALD6(up_medium)"," microarray","expression"
"heat_shock + glucose","STL1(up_strong)"," western_blot","expression"
"stationary_phase + glucose(absent)","TDH1(up)"," prot","expression"
"glucose","TDH1(up_medium) + TDH3(up_medium) + TDH2(up_medium)"," 2d-gel ,  prot-act","expression"
"GCR2(ko) + lactate + glycerol","TDH2(down_medium) + GPM1(down_strong) + FBA1(down_strong) + GUT2(down_medium) + IDH1(down_medium) + PGI1(down_strong) + TDH3(down_medium) + ENO1(down_strong) + TDH1(down_strong) + ENO2(down_strong) + IDH2(down_medium) + TPI1(down_strong) + PFK2(down_medium) + CDC19(down_strong) + PGK1(down_strong)"," microarray","expression"
"PDR + PDR3 + PDR1","TDH2(up_medium) + TDH1(down_weak) + HXK2(up_medium) + DLD1(down_medium) + HXK1(down_medium)"," 2d-gel ,  MS","expression"
"RAP1","TDH2 + MDH2 + PFK27 + HXK1 + YJL045W + FBA1 + ACS1 + HXT5 + HAP5 + PEX25 + HXT6 + SIP4 + CRC1 + PDC1 + YAT1 + TPI1 + GUT1 + GPM1 + MAE1 + TDH3"," ChIP-chip","tfbinding"
"heat_shock","TDH2(down_strong) + TDH1(up)"," prot","expression"
"sugar + RAP1 + GCR1","TDH3(up_strong)"," Expression evidence","expression"
"GCR1","TDH3 + PDC1 + PGI1"," ChIP-chip","tfbinding"
"nfcs + GCR1 + RAP1","TDH3(up_strong)"," Expression evidence","expression"
"glycerol + lactate + GCR1(ko)","TDH3(down_strong) + TDH1(down_strong) + ENO2(down_strong) + ENO1(down_strong) + TDH2(down_strong)"," northern_blot ,  western_blot","expression"
"TYE7","TDH3 + FBA1 + TDH2"," ChIP-chip","tfbinding"
"PHO2","TDH3 + IDH1"," ChIP-chip","tfbinding"
"ox_stress + YAP1(ko)","TDH3(up_weak) + PDC1(up_medium) + TDH1(up_weak) + TDH2(up_weak) + ADH2(up_weak) + FBA1(up_medium) + PDC6(up_medium)"," microarray","expression"
"ethanol","TDH3(down_medium) + TDH2(down_medium) + TDH1(down_medium)"," 2d-gel ,  prot-act","expression"
"RAP1 + GCR1","TDH3"," site-mutation","tfbinding"
"HSF1","TDH3 + HXT3 + GPM1"," ChIP-chip","tfbinding"
"glucose + ABF1","TDH3"," ChIP-chip","tfbinding"
"YAP1","TDH3 + FAA4"," ChIP-chip","tfbinding"
"HSF1","TDH3 + DAL7 + ENO2 + GPM1"," ChIP-chip","tfbinding"
"OAF1 + oleic_acid","TDH3 + PDC1 + SDH4 + CTA1 + ANT1 + CIT3 + HAP3 + PEX11 + GUT2 + ICL1 + ACO1 + FBP1 + FBA1 + PIP2"," ChIP-chip","tfbinding"
"PHO4","TES1 + PDC1 + ACS2 + ADR1"," ChIP-chip","tfbinding"
"heat_shock + glucose","TPI1(up_strong)"," northern_blot","expression"
"gluc_depl","TPI1(up_strong)"," northern_blot","expression"
"glycerol + GCR1(ko) + lactate","TPI1(down_strong) + FBA1(down_strong) + FBP1(down_weak) + PGI1(down_strong) + PGK1(down_strong)"," prot-act","expression"
"glycerol + GCR1(ko) + lactate","TPI1(down_strong) + TDH1(down_medium) + ENO1(down_strong) + GLK1(up_medium) + HXT4(up_medium) + CDC19(down_strong) + ADH1(down_medium) + PFK1(down_medium) + TDH2(down_strong) + GPM1(down_strong) + FBA1(down_strong) + PGI1(down_medium) + ENO2(down_strong) + TDH3(down_medium) + IDH1(down_medium) + PGK1(down_strong) + IDH2(down_medium)"," microarray","expression"
"RAP1","TPI1(up_strong)"," lacZ ,  site-mutation","expression"
"INO4","TPI1 + FAA1 + ACS1 + HXT3"," ChIP-chip","tfbinding"
"aa_starvation","TPI1(down_medium) + HXK2(up_medium) + ENO2(down_medium) + ADH1(down_medium) + PFK2(up_medium) + FBA1(down_medium) + TDH3(down_medium) + MAE1(up_medium) + ADH5(up_medium) + PDC1(down_medium)"," 2d-gel ,  MS","expression"
"MOT2","TPI1"," ChIP-chip","tfbinding"
"glucose + freeze_shock","TPI1(up_medium)"," northern_blot","expression"
"GCR1","TPI1(up_strong)"," lacZ ,  site-mutation","expression"
"REB1","TPI1(up_medium)"," lacZ ,  site-mutation","expression"
"ethanol","TPI1(up_strong)"," northern_blot","expression"
"RAP1 + REB1 + GCR1","TPI1"," footprinting","tfbinding"
"glycerol + lactate","TPI1(down_medium) + GPM1(down_strong) + TDH1(up_strong) + ENO1(down_strong) + ENO2(down_strong)"," microarray","expression"
"NaCl","TPI1(up_strong)"," northern_blot","expression"
"glycerol","YAT1(up_medium)"," northern_blot ,  lacZ","expression"
"glucose","YAT1(down_strong)"," northern_blot ,  lacZ","expression"
"ethanol","YAT1(up_strong)"," northern_blot ,  lacZ","expression"
"FHL1","YAT1 + DLD1 + TDH3 + CIT2 + FAA4 + GLK1 + ADR1 + TPI1 + PCK1 + ACO1 + PDC1 + GPM1 + TES1 + PGI1 + GUT1 + GUT2 + ENO1 + HAP1 + MAE1 + GID8"," ChIP-chip","tfbinding"
"oleic_acid","YAT1(up_medium)"," lacZ","expression"
"acetate","YAT1(up_strong)"," northern_blot ,  lacZ","expression"
"galactose","YAT1(down_strong)"," lacZ ,  northern_blot","expression"
"rapamycin + GCN4(ko)","YAT2(down_weak) + ICL1(down_medium) + SIP4(down_weak) + CAT2(down_weak) + DAL7(up_medium) + MLS1(up_weak) + CTA1(down_weak) + POX1(down_medium)"," microarray","expression"
"GCN4(ko) + aa_starvation","YAT2(down_strong) + ICL1(down_medium) + PYC2(down_medium) + ACO2(down_medium)"," microarray","expression"
"MBP1","YJL045W + POT1 + MDH1"," ChIP-chip","tfbinding"
"glucose","YJL045W(down_weak) + SDH1(down_strong)"," lacZ","expression"
"galactose","YJL045W(up_weak) + SDH1(up_strong)"," lacZ","expression"
"RME1","YJL045W"," ChIP-chip","tfbinding"
"oleic_acid + OAF1(ko) + PIP2(ko)","YJL218W(down_strong) + IDP3(down_medium) + CTA1(down_medium) + FAA2(down_weak) + CRC1(down_medium) + TES1(down_strong) + SPS19(down_strong) + MDH3(down_medium) + PEX5(down_medium) + PEX11(down_strong) + PIP2(down_strong) + PXA1(down_medium) + CIT2(up_weak) + FOX2(down_strong) + EEB1(down_strong) + POX1(down_strong) + CIT1(down_strong) + CAT2(down_weak) + QDR1(down_medium) + PXA2(down_medium) + IFA38(down_medium) + POT1(down_strong)"," northern_blot","expression"
